<?xml version="1.0"?>
<?mso-application progid="Excel.Sheet"?>
<Workbook xmlns="urn:schemas-microsoft-com:office:spreadsheet"
xmlns:o="urn:schemas-microsoft-com:office:office"
xmlns:x="urn:schemas-microsoft-com:office:excel"
xmlns:ss="urn:schemas-microsoft-com:office:spreadsheet"
xmlns:html="http://www.w3.org/TR/REC-html40">
<DocumentProperties xmlns="urn:schemas-microsoft-com:office:office">
<Author>BGBuild</Author>
<LastAuthor>BGBuild</LastAuthor>
<Created>2011-12-08T10:33:07Z</Created>
<LastSaved>2013-02-13T08:46:36Z</LastSaved>
<Version>14.00</Version>
</DocumentProperties>
<OfficeDocumentSettings xmlns="urn:schemas-microsoft-com:office:office">
<AllowPNG/>
</OfficeDocumentSettings>
<ExcelWorkbook xmlns="urn:schemas-microsoft-com:office:excel">
<WindowHeight>12660</WindowHeight>
<WindowWidth>15180</WindowWidth>
<WindowTopX>480</WindowTopX>
<WindowTopY>120</WindowTopY>
<ProtectStructure>False</ProtectStructure>
<ProtectWindows>False</ProtectWindows>
</ExcelWorkbook>
<Styles>
<Style ss:ID="Default" ss:Name="Normal">
<Alignment ss:Vertical="Bottom"/>
<Borders/>
<Font ss:FontName="Arial"/>
<Interior/>
<NumberFormat/>
<Protection/>
</Style>
<Style ss:ID="s62">
<Font ss:FontName="Arial" x:Family="Swiss"/>
</Style>
<Style ss:ID="s63">
<Font ss:FontName="Arial" x:Family="Swiss" ss:Color="#333333"/>
</Style>
</Styles>
<Worksheet ss:Name="Sheet1">
<Table x:FullColumns="1" x:FullRows="1" ss:DefaultRowHeight="13.3125">



<Row>
<Cell><Data ss:Type="String">SignalAddress</Data></Cell>
<Cell><Data ss:Type="String">SignalResetAddress</Data></Cell>
<Cell><Data ss:Type="String">AlarmTag</Data></Cell>
<Cell><Data ss:Type="String">Resetable</Data></Cell>
<Cell><Data ss:Type="String">EventAlarm</Data></Cell>
<Cell><Data ss:Type="String">Bit</Data></Cell>
<Cell><Data ss:Type="String">partId</Data></Cell>
<Cell><Data ss:Type="String">PartType</Data></Cell>
<Cell><Data ss:Type="String">subPartType</Data></Cell>
<Cell><Data ss:Type="String">subPartID</Data></Cell>
<Cell><Data ss:Type="String">signalId</Data></Cell>
<Cell><Data ss:Type="String">ResetHandlerProxy</Data></Cell>
</Row>
<Row>
<Cell><Data ss:Type="String">CONVEYOR_CCS01_IC004_LINE_CM</Data></Cell>
<Cell><Data ss:Type="String"></Data></Cell>
<Cell><Data ss:Type="String"></Data></Cell>
<Cell><Data ss:Type="String">0</Data></Cell>
<Cell><Data ss:Type="String">false</Data></Cell>
<Cell><Data ss:Type="String">8</Data></Cell>
<Cell><Data ss:Type="String">=CCS01.IC004</Data></Cell>
<Cell><Data ss:Type="String"></Data></Cell>
<Cell><Data ss:Type="String"></Data></Cell>
<Cell><Data ss:Type="String"></Data></Cell>
<Cell><Data ss:Type="String">Start</Data></Cell>
<Cell><Data ss:Type="String"></Data></Cell>
</Row>
<Row>
<Cell><Data ss:Type="String">CONVEYOR_CCS01_IC004_LINE_CM</Data></Cell>
<Cell><Data ss:Type="String"></Data></Cell>
<Cell><Data ss:Type="String"></Data></Cell>
<Cell><Data ss:Type="String">0</Data></Cell>
<Cell><Data ss:Type="String">false</Data></Cell>
<Cell><Data ss:Type="String">9</Data></Cell>
<Cell><Data ss:Type="String">=CCS01.IC004</Data></Cell>
<Cell><Data ss:Type="String"></Data></Cell>
<Cell><Data ss:Type="String"></Data></Cell>
<Cell><Data ss:Type="String"></Data></Cell>
<Cell><Data ss:Type="String">Stop</Data></Cell>
<Cell><Data ss:Type="String"></Data></Cell>
</Row>
<Row>
<Cell><Data ss:Type="String">CONVEYOR_CCS01_IC004_LINE_CM</Data></Cell>
<Cell><Data ss:Type="String"></Data></Cell>
<Cell><Data ss:Type="String"></Data></Cell>
<Cell><Data ss:Type="String">0</Data></Cell>
<Cell><Data ss:Type="String">false</Data></Cell>
<Cell><Data ss:Type="String">0</Data></Cell>
<Cell><Data ss:Type="String">=CCS01.IC004</Data></Cell>
<Cell><Data ss:Type="String"></Data></Cell>
<Cell><Data ss:Type="String"></Data></Cell>
<Cell><Data ss:Type="String"></Data></Cell>
<Cell><Data ss:Type="String">Enable</Data></Cell>
<Cell><Data ss:Type="String"></Data></Cell>
</Row>
<Row>
<Cell><Data ss:Type="String">CONVEYOR_CCS01_IC004_LINE_CM</Data></Cell>
<Cell><Data ss:Type="String"></Data></Cell>
<Cell><Data ss:Type="String"></Data></Cell>
<Cell><Data ss:Type="String">0</Data></Cell>
<Cell><Data ss:Type="String">false</Data></Cell>
<Cell><Data ss:Type="String">1</Data></Cell>
<Cell><Data ss:Type="String">=CCS01.IC004</Data></Cell>
<Cell><Data ss:Type="String"></Data></Cell>
<Cell><Data ss:Type="String"></Data></Cell>
<Cell><Data ss:Type="String"></Data></Cell>
<Cell><Data ss:Type="String">Disable</Data></Cell>
<Cell><Data ss:Type="String"></Data></Cell>
</Row>
<Row>
<Cell><Data ss:Type="String">CONVEYOR_CCS01_IC004_LINE_CM</Data></Cell>
<Cell><Data ss:Type="String"></Data></Cell>
<Cell><Data ss:Type="String"></Data></Cell>
<Cell><Data ss:Type="String">0</Data></Cell>
<Cell><Data ss:Type="String">false</Data></Cell>
<Cell><Data ss:Type="String">2</Data></Cell>
<Cell><Data ss:Type="String">=CCS01.IC004</Data></Cell>
<Cell><Data ss:Type="String"></Data></Cell>
<Cell><Data ss:Type="String"></Data></Cell>
<Cell><Data ss:Type="String"></Data></Cell>
<Cell><Data ss:Type="String">LampTestOn</Data></Cell>
<Cell><Data ss:Type="String"></Data></Cell>
</Row>
<Row>
<Cell><Data ss:Type="String">CONVEYOR_CCS01_IC004_LINE_CM</Data></Cell>
<Cell><Data ss:Type="String"></Data></Cell>
<Cell><Data ss:Type="String"></Data></Cell>
<Cell><Data ss:Type="String">0</Data></Cell>
<Cell><Data ss:Type="String">false</Data></Cell>
<Cell><Data ss:Type="String">3</Data></Cell>
<Cell><Data ss:Type="String">=CCS01.IC004</Data></Cell>
<Cell><Data ss:Type="String"></Data></Cell>
<Cell><Data ss:Type="String"></Data></Cell>
<Cell><Data ss:Type="String"></Data></Cell>
<Cell><Data ss:Type="String">LampTestOff</Data></Cell>
<Cell><Data ss:Type="String"></Data></Cell>
</Row>
<Row>
<Cell><Data ss:Type="String">CONVEYOR_CCS01_IC003_LINE_CM</Data></Cell>
<Cell><Data ss:Type="String"></Data></Cell>
<Cell><Data ss:Type="String"></Data></Cell>
<Cell><Data ss:Type="String">0</Data></Cell>
<Cell><Data ss:Type="String">false</Data></Cell>
<Cell><Data ss:Type="String">8</Data></Cell>
<Cell><Data ss:Type="String">=CCS01.IC003</Data></Cell>
<Cell><Data ss:Type="String"></Data></Cell>
<Cell><Data ss:Type="String"></Data></Cell>
<Cell><Data ss:Type="String"></Data></Cell>
<Cell><Data ss:Type="String">Start</Data></Cell>
<Cell><Data ss:Type="String"></Data></Cell>
</Row>
<Row>
<Cell><Data ss:Type="String">CONVEYOR_CCS01_IC003_LINE_CM</Data></Cell>
<Cell><Data ss:Type="String"></Data></Cell>
<Cell><Data ss:Type="String"></Data></Cell>
<Cell><Data ss:Type="String">0</Data></Cell>
<Cell><Data ss:Type="String">false</Data></Cell>
<Cell><Data ss:Type="String">9</Data></Cell>
<Cell><Data ss:Type="String">=CCS01.IC003</Data></Cell>
<Cell><Data ss:Type="String"></Data></Cell>
<Cell><Data ss:Type="String"></Data></Cell>
<Cell><Data ss:Type="String"></Data></Cell>
<Cell><Data ss:Type="String">Stop</Data></Cell>
<Cell><Data ss:Type="String"></Data></Cell>
</Row>
<Row>
<Cell><Data ss:Type="String">CONVEYOR_CCS01_IC003_LINE_CM</Data></Cell>
<Cell><Data ss:Type="String"></Data></Cell>
<Cell><Data ss:Type="String"></Data></Cell>
<Cell><Data ss:Type="String">0</Data></Cell>
<Cell><Data ss:Type="String">false</Data></Cell>
<Cell><Data ss:Type="String">0</Data></Cell>
<Cell><Data ss:Type="String">=CCS01.IC003</Data></Cell>
<Cell><Data ss:Type="String"></Data></Cell>
<Cell><Data ss:Type="String"></Data></Cell>
<Cell><Data ss:Type="String"></Data></Cell>
<Cell><Data ss:Type="String">Enable</Data></Cell>
<Cell><Data ss:Type="String"></Data></Cell>
</Row>
<Row>
<Cell><Data ss:Type="String">CONVEYOR_CCS01_IC003_LINE_CM</Data></Cell>
<Cell><Data ss:Type="String"></Data></Cell>
<Cell><Data ss:Type="String"></Data></Cell>
<Cell><Data ss:Type="String">0</Data></Cell>
<Cell><Data ss:Type="String">false</Data></Cell>
<Cell><Data ss:Type="String">1</Data></Cell>
<Cell><Data ss:Type="String">=CCS01.IC003</Data></Cell>
<Cell><Data ss:Type="String"></Data></Cell>
<Cell><Data ss:Type="String"></Data></Cell>
<Cell><Data ss:Type="String"></Data></Cell>
<Cell><Data ss:Type="String">Disable</Data></Cell>
<Cell><Data ss:Type="String"></Data></Cell>
</Row>
<Row>
<Cell><Data ss:Type="String">CONVEYOR_CCS01_IC003_LINE_CM</Data></Cell>
<Cell><Data ss:Type="String"></Data></Cell>
<Cell><Data ss:Type="String"></Data></Cell>
<Cell><Data ss:Type="String">0</Data></Cell>
<Cell><Data ss:Type="String">false</Data></Cell>
<Cell><Data ss:Type="String">2</Data></Cell>
<Cell><Data ss:Type="String">=CCS01.IC003</Data></Cell>
<Cell><Data ss:Type="String"></Data></Cell>
<Cell><Data ss:Type="String"></Data></Cell>
<Cell><Data ss:Type="String"></Data></Cell>
<Cell><Data ss:Type="String">LampTestOn</Data></Cell>
<Cell><Data ss:Type="String"></Data></Cell>
</Row>
<Row>
<Cell><Data ss:Type="String">CONVEYOR_CCS01_IC003_LINE_CM</Data></Cell>
<Cell><Data ss:Type="String"></Data></Cell>
<Cell><Data ss:Type="String"></Data></Cell>
<Cell><Data ss:Type="String">0</Data></Cell>
<Cell><Data ss:Type="String">false</Data></Cell>
<Cell><Data ss:Type="String">3</Data></Cell>
<Cell><Data ss:Type="String">=CCS01.IC003</Data></Cell>
<Cell><Data ss:Type="String"></Data></Cell>
<Cell><Data ss:Type="String"></Data></Cell>
<Cell><Data ss:Type="String"></Data></Cell>
<Cell><Data ss:Type="String">LampTestOff</Data></Cell>
<Cell><Data ss:Type="String"></Data></Cell>
</Row>
<Row>
<Cell><Data ss:Type="String">CONVEYOR_CCS01_IC002_LINE_CM</Data></Cell>
<Cell><Data ss:Type="String"></Data></Cell>
<Cell><Data ss:Type="String"></Data></Cell>
<Cell><Data ss:Type="String">0</Data></Cell>
<Cell><Data ss:Type="String">false</Data></Cell>
<Cell><Data ss:Type="String">8</Data></Cell>
<Cell><Data ss:Type="String">=CCS01.IC002</Data></Cell>
<Cell><Data ss:Type="String"></Data></Cell>
<Cell><Data ss:Type="String"></Data></Cell>
<Cell><Data ss:Type="String"></Data></Cell>
<Cell><Data ss:Type="String">Start</Data></Cell>
<Cell><Data ss:Type="String"></Data></Cell>
</Row>
<Row>
<Cell><Data ss:Type="String">CONVEYOR_CCS01_IC002_LINE_CM</Data></Cell>
<Cell><Data ss:Type="String"></Data></Cell>
<Cell><Data ss:Type="String"></Data></Cell>
<Cell><Data ss:Type="String">0</Data></Cell>
<Cell><Data ss:Type="String">false</Data></Cell>
<Cell><Data ss:Type="String">9</Data></Cell>
<Cell><Data ss:Type="String">=CCS01.IC002</Data></Cell>
<Cell><Data ss:Type="String"></Data></Cell>
<Cell><Data ss:Type="String"></Data></Cell>
<Cell><Data ss:Type="String"></Data></Cell>
<Cell><Data ss:Type="String">Stop</Data></Cell>
<Cell><Data ss:Type="String"></Data></Cell>
</Row>
<Row>
<Cell><Data ss:Type="String">CONVEYOR_CCS01_IC002_LINE_CM</Data></Cell>
<Cell><Data ss:Type="String"></Data></Cell>
<Cell><Data ss:Type="String"></Data></Cell>
<Cell><Data ss:Type="String">0</Data></Cell>
<Cell><Data ss:Type="String">false</Data></Cell>
<Cell><Data ss:Type="String">0</Data></Cell>
<Cell><Data ss:Type="String">=CCS01.IC002</Data></Cell>
<Cell><Data ss:Type="String"></Data></Cell>
<Cell><Data ss:Type="String"></Data></Cell>
<Cell><Data ss:Type="String"></Data></Cell>
<Cell><Data ss:Type="String">Enable</Data></Cell>
<Cell><Data ss:Type="String"></Data></Cell>
</Row>
<Row>
<Cell><Data ss:Type="String">CONVEYOR_CCS01_IC002_LINE_CM</Data></Cell>
<Cell><Data ss:Type="String"></Data></Cell>
<Cell><Data ss:Type="String"></Data></Cell>
<Cell><Data ss:Type="String">0</Data></Cell>
<Cell><Data ss:Type="String">false</Data></Cell>
<Cell><Data ss:Type="String">1</Data></Cell>
<Cell><Data ss:Type="String">=CCS01.IC002</Data></Cell>
<Cell><Data ss:Type="String"></Data></Cell>
<Cell><Data ss:Type="String"></Data></Cell>
<Cell><Data ss:Type="String"></Data></Cell>
<Cell><Data ss:Type="String">Disable</Data></Cell>
<Cell><Data ss:Type="String"></Data></Cell>
</Row>
<Row>
<Cell><Data ss:Type="String">CONVEYOR_CCS01_IC002_LINE_CM</Data></Cell>
<Cell><Data ss:Type="String"></Data></Cell>
<Cell><Data ss:Type="String"></Data></Cell>
<Cell><Data ss:Type="String">0</Data></Cell>
<Cell><Data ss:Type="String">false</Data></Cell>
<Cell><Data ss:Type="String">2</Data></Cell>
<Cell><Data ss:Type="String">=CCS01.IC002</Data></Cell>
<Cell><Data ss:Type="String"></Data></Cell>
<Cell><Data ss:Type="String"></Data></Cell>
<Cell><Data ss:Type="String"></Data></Cell>
<Cell><Data ss:Type="String">LampTestOn</Data></Cell>
<Cell><Data ss:Type="String"></Data></Cell>
</Row>
<Row>
<Cell><Data ss:Type="String">CONVEYOR_CCS01_IC002_LINE_CM</Data></Cell>
<Cell><Data ss:Type="String"></Data></Cell>
<Cell><Data ss:Type="String"></Data></Cell>
<Cell><Data ss:Type="String">0</Data></Cell>
<Cell><Data ss:Type="String">false</Data></Cell>
<Cell><Data ss:Type="String">3</Data></Cell>
<Cell><Data ss:Type="String">=CCS01.IC002</Data></Cell>
<Cell><Data ss:Type="String"></Data></Cell>
<Cell><Data ss:Type="String"></Data></Cell>
<Cell><Data ss:Type="String"></Data></Cell>
<Cell><Data ss:Type="String">LampTestOff</Data></Cell>
<Cell><Data ss:Type="String"></Data></Cell>
</Row>
<Row>
<Cell><Data ss:Type="String">CONVEYOR_CCS01_IC001_LINE_CM</Data></Cell>
<Cell><Data ss:Type="String"></Data></Cell>
<Cell><Data ss:Type="String"></Data></Cell>
<Cell><Data ss:Type="String">0</Data></Cell>
<Cell><Data ss:Type="String">false</Data></Cell>
<Cell><Data ss:Type="String">8</Data></Cell>
<Cell><Data ss:Type="String">=CCS01.IC001</Data></Cell>
<Cell><Data ss:Type="String"></Data></Cell>
<Cell><Data ss:Type="String"></Data></Cell>
<Cell><Data ss:Type="String"></Data></Cell>
<Cell><Data ss:Type="String">Start</Data></Cell>
<Cell><Data ss:Type="String"></Data></Cell>
</Row>
<Row>
<Cell><Data ss:Type="String">CONVEYOR_CCS01_IC001_LINE_CM</Data></Cell>
<Cell><Data ss:Type="String"></Data></Cell>
<Cell><Data ss:Type="String"></Data></Cell>
<Cell><Data ss:Type="String">0</Data></Cell>
<Cell><Data ss:Type="String">false</Data></Cell>
<Cell><Data ss:Type="String">9</Data></Cell>
<Cell><Data ss:Type="String">=CCS01.IC001</Data></Cell>
<Cell><Data ss:Type="String"></Data></Cell>
<Cell><Data ss:Type="String"></Data></Cell>
<Cell><Data ss:Type="String"></Data></Cell>
<Cell><Data ss:Type="String">Stop</Data></Cell>
<Cell><Data ss:Type="String"></Data></Cell>
</Row>
<Row>
<Cell><Data ss:Type="String">CONVEYOR_CCS01_IC001_LINE_CM</Data></Cell>
<Cell><Data ss:Type="String"></Data></Cell>
<Cell><Data ss:Type="String"></Data></Cell>
<Cell><Data ss:Type="String">0</Data></Cell>
<Cell><Data ss:Type="String">false</Data></Cell>
<Cell><Data ss:Type="String">0</Data></Cell>
<Cell><Data ss:Type="String">=CCS01.IC001</Data></Cell>
<Cell><Data ss:Type="String"></Data></Cell>
<Cell><Data ss:Type="String"></Data></Cell>
<Cell><Data ss:Type="String"></Data></Cell>
<Cell><Data ss:Type="String">Enable</Data></Cell>
<Cell><Data ss:Type="String"></Data></Cell>
</Row>
<Row>
<Cell><Data ss:Type="String">CONVEYOR_CCS01_IC001_LINE_CM</Data></Cell>
<Cell><Data ss:Type="String"></Data></Cell>
<Cell><Data ss:Type="String"></Data></Cell>
<Cell><Data ss:Type="String">0</Data></Cell>
<Cell><Data ss:Type="String">false</Data></Cell>
<Cell><Data ss:Type="String">1</Data></Cell>
<Cell><Data ss:Type="String">=CCS01.IC001</Data></Cell>
<Cell><Data ss:Type="String"></Data></Cell>
<Cell><Data ss:Type="String"></Data></Cell>
<Cell><Data ss:Type="String"></Data></Cell>
<Cell><Data ss:Type="String">Disable</Data></Cell>
<Cell><Data ss:Type="String"></Data></Cell>
</Row>
<Row>
<Cell><Data ss:Type="String">CONVEYOR_CCS01_IC001_LINE_CM</Data></Cell>
<Cell><Data ss:Type="String"></Data></Cell>
<Cell><Data ss:Type="String"></Data></Cell>
<Cell><Data ss:Type="String">0</Data></Cell>
<Cell><Data ss:Type="String">false</Data></Cell>
<Cell><Data ss:Type="String">2</Data></Cell>
<Cell><Data ss:Type="String">=CCS01.IC001</Data></Cell>
<Cell><Data ss:Type="String"></Data></Cell>
<Cell><Data ss:Type="String"></Data></Cell>
<Cell><Data ss:Type="String"></Data></Cell>
<Cell><Data ss:Type="String">LampTestOn</Data></Cell>
<Cell><Data ss:Type="String"></Data></Cell>
</Row>
<Row>
<Cell><Data ss:Type="String">CONVEYOR_CCS01_IC001_LINE_CM</Data></Cell>
<Cell><Data ss:Type="String"></Data></Cell>
<Cell><Data ss:Type="String"></Data></Cell>
<Cell><Data ss:Type="String">0</Data></Cell>
<Cell><Data ss:Type="String">false</Data></Cell>
<Cell><Data ss:Type="String">3</Data></Cell>
<Cell><Data ss:Type="String">=CCS01.IC001</Data></Cell>
<Cell><Data ss:Type="String"></Data></Cell>
<Cell><Data ss:Type="String"></Data></Cell>
<Cell><Data ss:Type="String"></Data></Cell>
<Cell><Data ss:Type="String">LampTestOff</Data></Cell>
<Cell><Data ss:Type="String"></Data></Cell>
</Row>
<Row>
<Cell><Data ss:Type="String">CONVEYOR_CCS01_IC104_LINE_CM</Data></Cell>
<Cell><Data ss:Type="String"></Data></Cell>
<Cell><Data ss:Type="String"></Data></Cell>
<Cell><Data ss:Type="String">0</Data></Cell>
<Cell><Data ss:Type="String">false</Data></Cell>
<Cell><Data ss:Type="String">8</Data></Cell>
<Cell><Data ss:Type="String">=CCS01.IC104</Data></Cell>
<Cell><Data ss:Type="String"></Data></Cell>
<Cell><Data ss:Type="String"></Data></Cell>
<Cell><Data ss:Type="String"></Data></Cell>
<Cell><Data ss:Type="String">Start</Data></Cell>
<Cell><Data ss:Type="String"></Data></Cell>
</Row>
<Row>
<Cell><Data ss:Type="String">CONVEYOR_CCS01_IC104_LINE_CM</Data></Cell>
<Cell><Data ss:Type="String"></Data></Cell>
<Cell><Data ss:Type="String"></Data></Cell>
<Cell><Data ss:Type="String">0</Data></Cell>
<Cell><Data ss:Type="String">false</Data></Cell>
<Cell><Data ss:Type="String">9</Data></Cell>
<Cell><Data ss:Type="String">=CCS01.IC104</Data></Cell>
<Cell><Data ss:Type="String"></Data></Cell>
<Cell><Data ss:Type="String"></Data></Cell>
<Cell><Data ss:Type="String"></Data></Cell>
<Cell><Data ss:Type="String">Stop</Data></Cell>
<Cell><Data ss:Type="String"></Data></Cell>
</Row>
<Row>
<Cell><Data ss:Type="String">CONVEYOR_CCS01_IC104_LINE_CM</Data></Cell>
<Cell><Data ss:Type="String"></Data></Cell>
<Cell><Data ss:Type="String"></Data></Cell>
<Cell><Data ss:Type="String">0</Data></Cell>
<Cell><Data ss:Type="String">false</Data></Cell>
<Cell><Data ss:Type="String">0</Data></Cell>
<Cell><Data ss:Type="String">=CCS01.IC104</Data></Cell>
<Cell><Data ss:Type="String"></Data></Cell>
<Cell><Data ss:Type="String"></Data></Cell>
<Cell><Data ss:Type="String"></Data></Cell>
<Cell><Data ss:Type="String">Enable</Data></Cell>
<Cell><Data ss:Type="String"></Data></Cell>
</Row>
<Row>
<Cell><Data ss:Type="String">CONVEYOR_CCS01_IC104_LINE_CM</Data></Cell>
<Cell><Data ss:Type="String"></Data></Cell>
<Cell><Data ss:Type="String"></Data></Cell>
<Cell><Data ss:Type="String">0</Data></Cell>
<Cell><Data ss:Type="String">false</Data></Cell>
<Cell><Data ss:Type="String">1</Data></Cell>
<Cell><Data ss:Type="String">=CCS01.IC104</Data></Cell>
<Cell><Data ss:Type="String"></Data></Cell>
<Cell><Data ss:Type="String"></Data></Cell>
<Cell><Data ss:Type="String"></Data></Cell>
<Cell><Data ss:Type="String">Disable</Data></Cell>
<Cell><Data ss:Type="String"></Data></Cell>
</Row>
<Row>
<Cell><Data ss:Type="String">CONVEYOR_CCS01_IC104_LINE_CM</Data></Cell>
<Cell><Data ss:Type="String"></Data></Cell>
<Cell><Data ss:Type="String"></Data></Cell>
<Cell><Data ss:Type="String">0</Data></Cell>
<Cell><Data ss:Type="String">false</Data></Cell>
<Cell><Data ss:Type="String">2</Data></Cell>
<Cell><Data ss:Type="String">=CCS01.IC104</Data></Cell>
<Cell><Data ss:Type="String"></Data></Cell>
<Cell><Data ss:Type="String"></Data></Cell>
<Cell><Data ss:Type="String"></Data></Cell>
<Cell><Data ss:Type="String">LampTestOn</Data></Cell>
<Cell><Data ss:Type="String"></Data></Cell>
</Row>
<Row>
<Cell><Data ss:Type="String">CONVEYOR_CCS01_IC104_LINE_CM</Data></Cell>
<Cell><Data ss:Type="String"></Data></Cell>
<Cell><Data ss:Type="String"></Data></Cell>
<Cell><Data ss:Type="String">0</Data></Cell>
<Cell><Data ss:Type="String">false</Data></Cell>
<Cell><Data ss:Type="String">3</Data></Cell>
<Cell><Data ss:Type="String">=CCS01.IC104</Data></Cell>
<Cell><Data ss:Type="String"></Data></Cell>
<Cell><Data ss:Type="String"></Data></Cell>
<Cell><Data ss:Type="String"></Data></Cell>
<Cell><Data ss:Type="String">LampTestOff</Data></Cell>
<Cell><Data ss:Type="String"></Data></Cell>
</Row>
<Row>
<Cell><Data ss:Type="String">CONVEYOR_CCS01_IC103_LINE_CM</Data></Cell>
<Cell><Data ss:Type="String"></Data></Cell>
<Cell><Data ss:Type="String"></Data></Cell>
<Cell><Data ss:Type="String">0</Data></Cell>
<Cell><Data ss:Type="String">false</Data></Cell>
<Cell><Data ss:Type="String">8</Data></Cell>
<Cell><Data ss:Type="String">=CCS01.IC103</Data></Cell>
<Cell><Data ss:Type="String"></Data></Cell>
<Cell><Data ss:Type="String"></Data></Cell>
<Cell><Data ss:Type="String"></Data></Cell>
<Cell><Data ss:Type="String">Start</Data></Cell>
<Cell><Data ss:Type="String"></Data></Cell>
</Row>
<Row>
<Cell><Data ss:Type="String">CONVEYOR_CCS01_IC103_LINE_CM</Data></Cell>
<Cell><Data ss:Type="String"></Data></Cell>
<Cell><Data ss:Type="String"></Data></Cell>
<Cell><Data ss:Type="String">0</Data></Cell>
<Cell><Data ss:Type="String">false</Data></Cell>
<Cell><Data ss:Type="String">9</Data></Cell>
<Cell><Data ss:Type="String">=CCS01.IC103</Data></Cell>
<Cell><Data ss:Type="String"></Data></Cell>
<Cell><Data ss:Type="String"></Data></Cell>
<Cell><Data ss:Type="String"></Data></Cell>
<Cell><Data ss:Type="String">Stop</Data></Cell>
<Cell><Data ss:Type="String"></Data></Cell>
</Row>
<Row>
<Cell><Data ss:Type="String">CONVEYOR_CCS01_IC103_LINE_CM</Data></Cell>
<Cell><Data ss:Type="String"></Data></Cell>
<Cell><Data ss:Type="String"></Data></Cell>
<Cell><Data ss:Type="String">0</Data></Cell>
<Cell><Data ss:Type="String">false</Data></Cell>
<Cell><Data ss:Type="String">0</Data></Cell>
<Cell><Data ss:Type="String">=CCS01.IC103</Data></Cell>
<Cell><Data ss:Type="String"></Data></Cell>
<Cell><Data ss:Type="String"></Data></Cell>
<Cell><Data ss:Type="String"></Data></Cell>
<Cell><Data ss:Type="String">Enable</Data></Cell>
<Cell><Data ss:Type="String"></Data></Cell>
</Row>
<Row>
<Cell><Data ss:Type="String">CONVEYOR_CCS01_IC103_LINE_CM</Data></Cell>
<Cell><Data ss:Type="String"></Data></Cell>
<Cell><Data ss:Type="String"></Data></Cell>
<Cell><Data ss:Type="String">0</Data></Cell>
<Cell><Data ss:Type="String">false</Data></Cell>
<Cell><Data ss:Type="String">1</Data></Cell>
<Cell><Data ss:Type="String">=CCS01.IC103</Data></Cell>
<Cell><Data ss:Type="String"></Data></Cell>
<Cell><Data ss:Type="String"></Data></Cell>
<Cell><Data ss:Type="String"></Data></Cell>
<Cell><Data ss:Type="String">Disable</Data></Cell>
<Cell><Data ss:Type="String"></Data></Cell>
</Row>
<Row>
<Cell><Data ss:Type="String">CONVEYOR_CCS01_IC103_LINE_CM</Data></Cell>
<Cell><Data ss:Type="String"></Data></Cell>
<Cell><Data ss:Type="String"></Data></Cell>
<Cell><Data ss:Type="String">0</Data></Cell>
<Cell><Data ss:Type="String">false</Data></Cell>
<Cell><Data ss:Type="String">2</Data></Cell>
<Cell><Data ss:Type="String">=CCS01.IC103</Data></Cell>
<Cell><Data ss:Type="String"></Data></Cell>
<Cell><Data ss:Type="String"></Data></Cell>
<Cell><Data ss:Type="String"></Data></Cell>
<Cell><Data ss:Type="String">LampTestOn</Data></Cell>
<Cell><Data ss:Type="String"></Data></Cell>
</Row>
<Row>
<Cell><Data ss:Type="String">CONVEYOR_CCS01_IC103_LINE_CM</Data></Cell>
<Cell><Data ss:Type="String"></Data></Cell>
<Cell><Data ss:Type="String"></Data></Cell>
<Cell><Data ss:Type="String">0</Data></Cell>
<Cell><Data ss:Type="String">false</Data></Cell>
<Cell><Data ss:Type="String">3</Data></Cell>
<Cell><Data ss:Type="String">=CCS01.IC103</Data></Cell>
<Cell><Data ss:Type="String"></Data></Cell>
<Cell><Data ss:Type="String"></Data></Cell>
<Cell><Data ss:Type="String"></Data></Cell>
<Cell><Data ss:Type="String">LampTestOff</Data></Cell>
<Cell><Data ss:Type="String"></Data></Cell>
</Row>
<Row>
<Cell><Data ss:Type="String">CONVEYOR_CCS01_IC102_LINE_CM</Data></Cell>
<Cell><Data ss:Type="String"></Data></Cell>
<Cell><Data ss:Type="String"></Data></Cell>
<Cell><Data ss:Type="String">0</Data></Cell>
<Cell><Data ss:Type="String">false</Data></Cell>
<Cell><Data ss:Type="String">8</Data></Cell>
<Cell><Data ss:Type="String">=CCS01.IC102</Data></Cell>
<Cell><Data ss:Type="String"></Data></Cell>
<Cell><Data ss:Type="String"></Data></Cell>
<Cell><Data ss:Type="String"></Data></Cell>
<Cell><Data ss:Type="String">Start</Data></Cell>
<Cell><Data ss:Type="String"></Data></Cell>
</Row>
<Row>
<Cell><Data ss:Type="String">CONVEYOR_CCS01_IC102_LINE_CM</Data></Cell>
<Cell><Data ss:Type="String"></Data></Cell>
<Cell><Data ss:Type="String"></Data></Cell>
<Cell><Data ss:Type="String">0</Data></Cell>
<Cell><Data ss:Type="String">false</Data></Cell>
<Cell><Data ss:Type="String">9</Data></Cell>
<Cell><Data ss:Type="String">=CCS01.IC102</Data></Cell>
<Cell><Data ss:Type="String"></Data></Cell>
<Cell><Data ss:Type="String"></Data></Cell>
<Cell><Data ss:Type="String"></Data></Cell>
<Cell><Data ss:Type="String">Stop</Data></Cell>
<Cell><Data ss:Type="String"></Data></Cell>
</Row>
<Row>
<Cell><Data ss:Type="String">CONVEYOR_CCS01_IC102_LINE_CM</Data></Cell>
<Cell><Data ss:Type="String"></Data></Cell>
<Cell><Data ss:Type="String"></Data></Cell>
<Cell><Data ss:Type="String">0</Data></Cell>
<Cell><Data ss:Type="String">false</Data></Cell>
<Cell><Data ss:Type="String">0</Data></Cell>
<Cell><Data ss:Type="String">=CCS01.IC102</Data></Cell>
<Cell><Data ss:Type="String"></Data></Cell>
<Cell><Data ss:Type="String"></Data></Cell>
<Cell><Data ss:Type="String"></Data></Cell>
<Cell><Data ss:Type="String">Enable</Data></Cell>
<Cell><Data ss:Type="String"></Data></Cell>
</Row>
<Row>
<Cell><Data ss:Type="String">CONVEYOR_CCS01_IC102_LINE_CM</Data></Cell>
<Cell><Data ss:Type="String"></Data></Cell>
<Cell><Data ss:Type="String"></Data></Cell>
<Cell><Data ss:Type="String">0</Data></Cell>
<Cell><Data ss:Type="String">false</Data></Cell>
<Cell><Data ss:Type="String">1</Data></Cell>
<Cell><Data ss:Type="String">=CCS01.IC102</Data></Cell>
<Cell><Data ss:Type="String"></Data></Cell>
<Cell><Data ss:Type="String"></Data></Cell>
<Cell><Data ss:Type="String"></Data></Cell>
<Cell><Data ss:Type="String">Disable</Data></Cell>
<Cell><Data ss:Type="String"></Data></Cell>
</Row>
<Row>
<Cell><Data ss:Type="String">CONVEYOR_CCS01_IC102_LINE_CM</Data></Cell>
<Cell><Data ss:Type="String"></Data></Cell>
<Cell><Data ss:Type="String"></Data></Cell>
<Cell><Data ss:Type="String">0</Data></Cell>
<Cell><Data ss:Type="String">false</Data></Cell>
<Cell><Data ss:Type="String">2</Data></Cell>
<Cell><Data ss:Type="String">=CCS01.IC102</Data></Cell>
<Cell><Data ss:Type="String"></Data></Cell>
<Cell><Data ss:Type="String"></Data></Cell>
<Cell><Data ss:Type="String"></Data></Cell>
<Cell><Data ss:Type="String">LampTestOn</Data></Cell>
<Cell><Data ss:Type="String"></Data></Cell>
</Row>
<Row>
<Cell><Data ss:Type="String">CONVEYOR_CCS01_IC102_LINE_CM</Data></Cell>
<Cell><Data ss:Type="String"></Data></Cell>
<Cell><Data ss:Type="String"></Data></Cell>
<Cell><Data ss:Type="String">0</Data></Cell>
<Cell><Data ss:Type="String">false</Data></Cell>
<Cell><Data ss:Type="String">3</Data></Cell>
<Cell><Data ss:Type="String">=CCS01.IC102</Data></Cell>
<Cell><Data ss:Type="String"></Data></Cell>
<Cell><Data ss:Type="String"></Data></Cell>
<Cell><Data ss:Type="String"></Data></Cell>
<Cell><Data ss:Type="String">LampTestOff</Data></Cell>
<Cell><Data ss:Type="String"></Data></Cell>
</Row>
<Row>
<Cell><Data ss:Type="String">CONVEYOR_CCS01_MA001_LINE_CM</Data></Cell>
<Cell><Data ss:Type="String"></Data></Cell>
<Cell><Data ss:Type="String"></Data></Cell>
<Cell><Data ss:Type="String">0</Data></Cell>
<Cell><Data ss:Type="String">false</Data></Cell>
<Cell><Data ss:Type="String">8</Data></Cell>
<Cell><Data ss:Type="String">=CCS01.MA001</Data></Cell>
<Cell><Data ss:Type="String"></Data></Cell>
<Cell><Data ss:Type="String"></Data></Cell>
<Cell><Data ss:Type="String"></Data></Cell>
<Cell><Data ss:Type="String">Start</Data></Cell>
<Cell><Data ss:Type="String"></Data></Cell>
</Row>
<Row>
<Cell><Data ss:Type="String">CONVEYOR_CCS01_MA001_LINE_CM</Data></Cell>
<Cell><Data ss:Type="String"></Data></Cell>
<Cell><Data ss:Type="String"></Data></Cell>
<Cell><Data ss:Type="String">0</Data></Cell>
<Cell><Data ss:Type="String">false</Data></Cell>
<Cell><Data ss:Type="String">9</Data></Cell>
<Cell><Data ss:Type="String">=CCS01.MA001</Data></Cell>
<Cell><Data ss:Type="String"></Data></Cell>
<Cell><Data ss:Type="String"></Data></Cell>
<Cell><Data ss:Type="String"></Data></Cell>
<Cell><Data ss:Type="String">Stop</Data></Cell>
<Cell><Data ss:Type="String"></Data></Cell>
</Row>
<Row>
<Cell><Data ss:Type="String">CONVEYOR_CCS01_MA001_LINE_CM</Data></Cell>
<Cell><Data ss:Type="String"></Data></Cell>
<Cell><Data ss:Type="String"></Data></Cell>
<Cell><Data ss:Type="String">0</Data></Cell>
<Cell><Data ss:Type="String">false</Data></Cell>
<Cell><Data ss:Type="String">0</Data></Cell>
<Cell><Data ss:Type="String">=CCS01.MA001</Data></Cell>
<Cell><Data ss:Type="String"></Data></Cell>
<Cell><Data ss:Type="String"></Data></Cell>
<Cell><Data ss:Type="String"></Data></Cell>
<Cell><Data ss:Type="String">Enable</Data></Cell>
<Cell><Data ss:Type="String"></Data></Cell>
</Row>
<Row>
<Cell><Data ss:Type="String">CONVEYOR_CCS01_MA001_LINE_CM</Data></Cell>
<Cell><Data ss:Type="String"></Data></Cell>
<Cell><Data ss:Type="String"></Data></Cell>
<Cell><Data ss:Type="String">0</Data></Cell>
<Cell><Data ss:Type="String">false</Data></Cell>
<Cell><Data ss:Type="String">1</Data></Cell>
<Cell><Data ss:Type="String">=CCS01.MA001</Data></Cell>
<Cell><Data ss:Type="String"></Data></Cell>
<Cell><Data ss:Type="String"></Data></Cell>
<Cell><Data ss:Type="String"></Data></Cell>
<Cell><Data ss:Type="String">Disable</Data></Cell>
<Cell><Data ss:Type="String"></Data></Cell>
</Row>
<Row>
<Cell><Data ss:Type="String">CONVEYOR_CCS01_MA001_LINE_CM</Data></Cell>
<Cell><Data ss:Type="String"></Data></Cell>
<Cell><Data ss:Type="String"></Data></Cell>
<Cell><Data ss:Type="String">0</Data></Cell>
<Cell><Data ss:Type="String">false</Data></Cell>
<Cell><Data ss:Type="String">2</Data></Cell>
<Cell><Data ss:Type="String">=CCS01.MA001</Data></Cell>
<Cell><Data ss:Type="String"></Data></Cell>
<Cell><Data ss:Type="String"></Data></Cell>
<Cell><Data ss:Type="String"></Data></Cell>
<Cell><Data ss:Type="String">LampTestOn</Data></Cell>
<Cell><Data ss:Type="String"></Data></Cell>
</Row>
<Row>
<Cell><Data ss:Type="String">CONVEYOR_CCS01_MA001_LINE_CM</Data></Cell>
<Cell><Data ss:Type="String"></Data></Cell>
<Cell><Data ss:Type="String"></Data></Cell>
<Cell><Data ss:Type="String">0</Data></Cell>
<Cell><Data ss:Type="String">false</Data></Cell>
<Cell><Data ss:Type="String">3</Data></Cell>
<Cell><Data ss:Type="String">=CCS01.MA001</Data></Cell>
<Cell><Data ss:Type="String"></Data></Cell>
<Cell><Data ss:Type="String"></Data></Cell>
<Cell><Data ss:Type="String"></Data></Cell>
<Cell><Data ss:Type="String">LampTestOff</Data></Cell>
<Cell><Data ss:Type="String"></Data></Cell>
</Row>
<Row>
<Cell><Data ss:Type="String">CONVEYOR_CCS01_OR001_LINE_CM</Data></Cell>
<Cell><Data ss:Type="String"></Data></Cell>
<Cell><Data ss:Type="String"></Data></Cell>
<Cell><Data ss:Type="String">0</Data></Cell>
<Cell><Data ss:Type="String">false</Data></Cell>
<Cell><Data ss:Type="String">8</Data></Cell>
<Cell><Data ss:Type="String">=CCS01.OR001</Data></Cell>
<Cell><Data ss:Type="String"></Data></Cell>
<Cell><Data ss:Type="String"></Data></Cell>
<Cell><Data ss:Type="String"></Data></Cell>
<Cell><Data ss:Type="String">Start</Data></Cell>
<Cell><Data ss:Type="String"></Data></Cell>
</Row>
<Row>
<Cell><Data ss:Type="String">CONVEYOR_CCS01_OR001_LINE_CM</Data></Cell>
<Cell><Data ss:Type="String"></Data></Cell>
<Cell><Data ss:Type="String"></Data></Cell>
<Cell><Data ss:Type="String">0</Data></Cell>
<Cell><Data ss:Type="String">false</Data></Cell>
<Cell><Data ss:Type="String">9</Data></Cell>
<Cell><Data ss:Type="String">=CCS01.OR001</Data></Cell>
<Cell><Data ss:Type="String"></Data></Cell>
<Cell><Data ss:Type="String"></Data></Cell>
<Cell><Data ss:Type="String"></Data></Cell>
<Cell><Data ss:Type="String">Stop</Data></Cell>
<Cell><Data ss:Type="String"></Data></Cell>
</Row>
<Row>
<Cell><Data ss:Type="String">CONVEYOR_CCS01_OR001_LINE_CM</Data></Cell>
<Cell><Data ss:Type="String"></Data></Cell>
<Cell><Data ss:Type="String"></Data></Cell>
<Cell><Data ss:Type="String">0</Data></Cell>
<Cell><Data ss:Type="String">false</Data></Cell>
<Cell><Data ss:Type="String">0</Data></Cell>
<Cell><Data ss:Type="String">=CCS01.OR001</Data></Cell>
<Cell><Data ss:Type="String"></Data></Cell>
<Cell><Data ss:Type="String"></Data></Cell>
<Cell><Data ss:Type="String"></Data></Cell>
<Cell><Data ss:Type="String">Enable</Data></Cell>
<Cell><Data ss:Type="String"></Data></Cell>
</Row>
<Row>
<Cell><Data ss:Type="String">CONVEYOR_CCS01_OR001_LINE_CM</Data></Cell>
<Cell><Data ss:Type="String"></Data></Cell>
<Cell><Data ss:Type="String"></Data></Cell>
<Cell><Data ss:Type="String">0</Data></Cell>
<Cell><Data ss:Type="String">false</Data></Cell>
<Cell><Data ss:Type="String">1</Data></Cell>
<Cell><Data ss:Type="String">=CCS01.OR001</Data></Cell>
<Cell><Data ss:Type="String"></Data></Cell>
<Cell><Data ss:Type="String"></Data></Cell>
<Cell><Data ss:Type="String"></Data></Cell>
<Cell><Data ss:Type="String">Disable</Data></Cell>
<Cell><Data ss:Type="String"></Data></Cell>
</Row>
<Row>
<Cell><Data ss:Type="String">CONVEYOR_CCS01_OR001_LINE_CM</Data></Cell>
<Cell><Data ss:Type="String"></Data></Cell>
<Cell><Data ss:Type="String"></Data></Cell>
<Cell><Data ss:Type="String">0</Data></Cell>
<Cell><Data ss:Type="String">false</Data></Cell>
<Cell><Data ss:Type="String">2</Data></Cell>
<Cell><Data ss:Type="String">=CCS01.OR001</Data></Cell>
<Cell><Data ss:Type="String"></Data></Cell>
<Cell><Data ss:Type="String"></Data></Cell>
<Cell><Data ss:Type="String"></Data></Cell>
<Cell><Data ss:Type="String">LampTestOn</Data></Cell>
<Cell><Data ss:Type="String"></Data></Cell>
</Row>
<Row>
<Cell><Data ss:Type="String">CONVEYOR_CCS01_OR001_LINE_CM</Data></Cell>
<Cell><Data ss:Type="String"></Data></Cell>
<Cell><Data ss:Type="String"></Data></Cell>
<Cell><Data ss:Type="String">0</Data></Cell>
<Cell><Data ss:Type="String">false</Data></Cell>
<Cell><Data ss:Type="String">3</Data></Cell>
<Cell><Data ss:Type="String">=CCS01.OR001</Data></Cell>
<Cell><Data ss:Type="String"></Data></Cell>
<Cell><Data ss:Type="String"></Data></Cell>
<Cell><Data ss:Type="String"></Data></Cell>
<Cell><Data ss:Type="String">LampTestOff</Data></Cell>
<Cell><Data ss:Type="String"></Data></Cell>
</Row>
<Row>
<Cell><Data ss:Type="String">CONVEYOR_CCS01_NR001_LINE_CM</Data></Cell>
<Cell><Data ss:Type="String"></Data></Cell>
<Cell><Data ss:Type="String"></Data></Cell>
<Cell><Data ss:Type="String">0</Data></Cell>
<Cell><Data ss:Type="String">false</Data></Cell>
<Cell><Data ss:Type="String">8</Data></Cell>
<Cell><Data ss:Type="String">=CCS01.NR001</Data></Cell>
<Cell><Data ss:Type="String"></Data></Cell>
<Cell><Data ss:Type="String"></Data></Cell>
<Cell><Data ss:Type="String"></Data></Cell>
<Cell><Data ss:Type="String">Start</Data></Cell>
<Cell><Data ss:Type="String"></Data></Cell>
</Row>
<Row>
<Cell><Data ss:Type="String">CONVEYOR_CCS01_NR001_LINE_CM</Data></Cell>
<Cell><Data ss:Type="String"></Data></Cell>
<Cell><Data ss:Type="String"></Data></Cell>
<Cell><Data ss:Type="String">0</Data></Cell>
<Cell><Data ss:Type="String">false</Data></Cell>
<Cell><Data ss:Type="String">9</Data></Cell>
<Cell><Data ss:Type="String">=CCS01.NR001</Data></Cell>
<Cell><Data ss:Type="String"></Data></Cell>
<Cell><Data ss:Type="String"></Data></Cell>
<Cell><Data ss:Type="String"></Data></Cell>
<Cell><Data ss:Type="String">Stop</Data></Cell>
<Cell><Data ss:Type="String"></Data></Cell>
</Row>
<Row>
<Cell><Data ss:Type="String">CONVEYOR_CCS01_NR001_LINE_CM</Data></Cell>
<Cell><Data ss:Type="String"></Data></Cell>
<Cell><Data ss:Type="String"></Data></Cell>
<Cell><Data ss:Type="String">0</Data></Cell>
<Cell><Data ss:Type="String">false</Data></Cell>
<Cell><Data ss:Type="String">0</Data></Cell>
<Cell><Data ss:Type="String">=CCS01.NR001</Data></Cell>
<Cell><Data ss:Type="String"></Data></Cell>
<Cell><Data ss:Type="String"></Data></Cell>
<Cell><Data ss:Type="String"></Data></Cell>
<Cell><Data ss:Type="String">Enable</Data></Cell>
<Cell><Data ss:Type="String"></Data></Cell>
</Row>
<Row>
<Cell><Data ss:Type="String">CONVEYOR_CCS01_NR001_LINE_CM</Data></Cell>
<Cell><Data ss:Type="String"></Data></Cell>
<Cell><Data ss:Type="String"></Data></Cell>
<Cell><Data ss:Type="String">0</Data></Cell>
<Cell><Data ss:Type="String">false</Data></Cell>
<Cell><Data ss:Type="String">1</Data></Cell>
<Cell><Data ss:Type="String">=CCS01.NR001</Data></Cell>
<Cell><Data ss:Type="String"></Data></Cell>
<Cell><Data ss:Type="String"></Data></Cell>
<Cell><Data ss:Type="String"></Data></Cell>
<Cell><Data ss:Type="String">Disable</Data></Cell>
<Cell><Data ss:Type="String"></Data></Cell>
</Row>
<Row>
<Cell><Data ss:Type="String">CONVEYOR_CCS01_NR001_LINE_CM</Data></Cell>
<Cell><Data ss:Type="String"></Data></Cell>
<Cell><Data ss:Type="String"></Data></Cell>
<Cell><Data ss:Type="String">0</Data></Cell>
<Cell><Data ss:Type="String">false</Data></Cell>
<Cell><Data ss:Type="String">2</Data></Cell>
<Cell><Data ss:Type="String">=CCS01.NR001</Data></Cell>
<Cell><Data ss:Type="String"></Data></Cell>
<Cell><Data ss:Type="String"></Data></Cell>
<Cell><Data ss:Type="String"></Data></Cell>
<Cell><Data ss:Type="String">LampTestOn</Data></Cell>
<Cell><Data ss:Type="String"></Data></Cell>
</Row>
<Row>
<Cell><Data ss:Type="String">CONVEYOR_CCS01_NR001_LINE_CM</Data></Cell>
<Cell><Data ss:Type="String"></Data></Cell>
<Cell><Data ss:Type="String"></Data></Cell>
<Cell><Data ss:Type="String">0</Data></Cell>
<Cell><Data ss:Type="String">false</Data></Cell>
<Cell><Data ss:Type="String">3</Data></Cell>
<Cell><Data ss:Type="String">=CCS01.NR001</Data></Cell>
<Cell><Data ss:Type="String"></Data></Cell>
<Cell><Data ss:Type="String"></Data></Cell>
<Cell><Data ss:Type="String"></Data></Cell>
<Cell><Data ss:Type="String">LampTestOff</Data></Cell>
<Cell><Data ss:Type="String"></Data></Cell>
</Row>
<Row>
<Cell><Data ss:Type="String">CONVEYOR_CCS01_CC001_LINE_CM</Data></Cell>
<Cell><Data ss:Type="String"></Data></Cell>
<Cell><Data ss:Type="String"></Data></Cell>
<Cell><Data ss:Type="String">0</Data></Cell>
<Cell><Data ss:Type="String">false</Data></Cell>
<Cell><Data ss:Type="String">8</Data></Cell>
<Cell><Data ss:Type="String">=CCS01.CC001</Data></Cell>
<Cell><Data ss:Type="String"></Data></Cell>
<Cell><Data ss:Type="String"></Data></Cell>
<Cell><Data ss:Type="String"></Data></Cell>
<Cell><Data ss:Type="String">Start</Data></Cell>
<Cell><Data ss:Type="String"></Data></Cell>
</Row>
<Row>
<Cell><Data ss:Type="String">CONVEYOR_CCS01_CC001_LINE_CM</Data></Cell>
<Cell><Data ss:Type="String"></Data></Cell>
<Cell><Data ss:Type="String"></Data></Cell>
<Cell><Data ss:Type="String">0</Data></Cell>
<Cell><Data ss:Type="String">false</Data></Cell>
<Cell><Data ss:Type="String">9</Data></Cell>
<Cell><Data ss:Type="String">=CCS01.CC001</Data></Cell>
<Cell><Data ss:Type="String"></Data></Cell>
<Cell><Data ss:Type="String"></Data></Cell>
<Cell><Data ss:Type="String"></Data></Cell>
<Cell><Data ss:Type="String">Stop</Data></Cell>
<Cell><Data ss:Type="String"></Data></Cell>
</Row>
<Row>
<Cell><Data ss:Type="String">CONVEYOR_CCS01_CC001_LINE_CM</Data></Cell>
<Cell><Data ss:Type="String"></Data></Cell>
<Cell><Data ss:Type="String"></Data></Cell>
<Cell><Data ss:Type="String">0</Data></Cell>
<Cell><Data ss:Type="String">false</Data></Cell>
<Cell><Data ss:Type="String">0</Data></Cell>
<Cell><Data ss:Type="String">=CCS01.CC001</Data></Cell>
<Cell><Data ss:Type="String"></Data></Cell>
<Cell><Data ss:Type="String"></Data></Cell>
<Cell><Data ss:Type="String"></Data></Cell>
<Cell><Data ss:Type="String">Enable</Data></Cell>
<Cell><Data ss:Type="String"></Data></Cell>
</Row>
<Row>
<Cell><Data ss:Type="String">CONVEYOR_CCS01_CC001_LINE_CM</Data></Cell>
<Cell><Data ss:Type="String"></Data></Cell>
<Cell><Data ss:Type="String"></Data></Cell>
<Cell><Data ss:Type="String">0</Data></Cell>
<Cell><Data ss:Type="String">false</Data></Cell>
<Cell><Data ss:Type="String">1</Data></Cell>
<Cell><Data ss:Type="String">=CCS01.CC001</Data></Cell>
<Cell><Data ss:Type="String"></Data></Cell>
<Cell><Data ss:Type="String"></Data></Cell>
<Cell><Data ss:Type="String"></Data></Cell>
<Cell><Data ss:Type="String">Disable</Data></Cell>
<Cell><Data ss:Type="String"></Data></Cell>
</Row>
<Row>
<Cell><Data ss:Type="String">CONVEYOR_CCS01_CC001_LINE_CM</Data></Cell>
<Cell><Data ss:Type="String"></Data></Cell>
<Cell><Data ss:Type="String"></Data></Cell>
<Cell><Data ss:Type="String">0</Data></Cell>
<Cell><Data ss:Type="String">false</Data></Cell>
<Cell><Data ss:Type="String">2</Data></Cell>
<Cell><Data ss:Type="String">=CCS01.CC001</Data></Cell>
<Cell><Data ss:Type="String"></Data></Cell>
<Cell><Data ss:Type="String"></Data></Cell>
<Cell><Data ss:Type="String"></Data></Cell>
<Cell><Data ss:Type="String">LampTestOn</Data></Cell>
<Cell><Data ss:Type="String"></Data></Cell>
</Row>
<Row>
<Cell><Data ss:Type="String">CONVEYOR_CCS01_CC001_LINE_CM</Data></Cell>
<Cell><Data ss:Type="String"></Data></Cell>
<Cell><Data ss:Type="String"></Data></Cell>
<Cell><Data ss:Type="String">0</Data></Cell>
<Cell><Data ss:Type="String">false</Data></Cell>
<Cell><Data ss:Type="String">3</Data></Cell>
<Cell><Data ss:Type="String">=CCS01.CC001</Data></Cell>
<Cell><Data ss:Type="String"></Data></Cell>
<Cell><Data ss:Type="String"></Data></Cell>
<Cell><Data ss:Type="String"></Data></Cell>
<Cell><Data ss:Type="String">LampTestOff</Data></Cell>
<Cell><Data ss:Type="String"></Data></Cell>
</Row>
<Row>
<Cell><Data ss:Type="String">CONVEYOR_CCS01_IC101_LINE_CM</Data></Cell>
<Cell><Data ss:Type="String"></Data></Cell>
<Cell><Data ss:Type="String"></Data></Cell>
<Cell><Data ss:Type="String">0</Data></Cell>
<Cell><Data ss:Type="String">false</Data></Cell>
<Cell><Data ss:Type="String">8</Data></Cell>
<Cell><Data ss:Type="String">=CCS01.IC101</Data></Cell>
<Cell><Data ss:Type="String"></Data></Cell>
<Cell><Data ss:Type="String"></Data></Cell>
<Cell><Data ss:Type="String"></Data></Cell>
<Cell><Data ss:Type="String">Start</Data></Cell>
<Cell><Data ss:Type="String"></Data></Cell>
</Row>
<Row>
<Cell><Data ss:Type="String">CONVEYOR_CCS01_IC101_LINE_CM</Data></Cell>
<Cell><Data ss:Type="String"></Data></Cell>
<Cell><Data ss:Type="String"></Data></Cell>
<Cell><Data ss:Type="String">0</Data></Cell>
<Cell><Data ss:Type="String">false</Data></Cell>
<Cell><Data ss:Type="String">9</Data></Cell>
<Cell><Data ss:Type="String">=CCS01.IC101</Data></Cell>
<Cell><Data ss:Type="String"></Data></Cell>
<Cell><Data ss:Type="String"></Data></Cell>
<Cell><Data ss:Type="String"></Data></Cell>
<Cell><Data ss:Type="String">Stop</Data></Cell>
<Cell><Data ss:Type="String"></Data></Cell>
</Row>
<Row>
<Cell><Data ss:Type="String">CONVEYOR_CCS01_IC101_LINE_CM</Data></Cell>
<Cell><Data ss:Type="String"></Data></Cell>
<Cell><Data ss:Type="String"></Data></Cell>
<Cell><Data ss:Type="String">0</Data></Cell>
<Cell><Data ss:Type="String">false</Data></Cell>
<Cell><Data ss:Type="String">0</Data></Cell>
<Cell><Data ss:Type="String">=CCS01.IC101</Data></Cell>
<Cell><Data ss:Type="String"></Data></Cell>
<Cell><Data ss:Type="String"></Data></Cell>
<Cell><Data ss:Type="String"></Data></Cell>
<Cell><Data ss:Type="String">Enable</Data></Cell>
<Cell><Data ss:Type="String"></Data></Cell>
</Row>
<Row>
<Cell><Data ss:Type="String">CONVEYOR_CCS01_IC101_LINE_CM</Data></Cell>
<Cell><Data ss:Type="String"></Data></Cell>
<Cell><Data ss:Type="String"></Data></Cell>
<Cell><Data ss:Type="String">0</Data></Cell>
<Cell><Data ss:Type="String">false</Data></Cell>
<Cell><Data ss:Type="String">1</Data></Cell>
<Cell><Data ss:Type="String">=CCS01.IC101</Data></Cell>
<Cell><Data ss:Type="String"></Data></Cell>
<Cell><Data ss:Type="String"></Data></Cell>
<Cell><Data ss:Type="String"></Data></Cell>
<Cell><Data ss:Type="String">Disable</Data></Cell>
<Cell><Data ss:Type="String"></Data></Cell>
</Row>
<Row>
<Cell><Data ss:Type="String">CONVEYOR_CCS01_IC101_LINE_CM</Data></Cell>
<Cell><Data ss:Type="String"></Data></Cell>
<Cell><Data ss:Type="String"></Data></Cell>
<Cell><Data ss:Type="String">0</Data></Cell>
<Cell><Data ss:Type="String">false</Data></Cell>
<Cell><Data ss:Type="String">2</Data></Cell>
<Cell><Data ss:Type="String">=CCS01.IC101</Data></Cell>
<Cell><Data ss:Type="String"></Data></Cell>
<Cell><Data ss:Type="String"></Data></Cell>
<Cell><Data ss:Type="String"></Data></Cell>
<Cell><Data ss:Type="String">LampTestOn</Data></Cell>
<Cell><Data ss:Type="String"></Data></Cell>
</Row>
<Row>
<Cell><Data ss:Type="String">CONVEYOR_CCS01_IC101_LINE_CM</Data></Cell>
<Cell><Data ss:Type="String"></Data></Cell>
<Cell><Data ss:Type="String"></Data></Cell>
<Cell><Data ss:Type="String">0</Data></Cell>
<Cell><Data ss:Type="String">false</Data></Cell>
<Cell><Data ss:Type="String">3</Data></Cell>
<Cell><Data ss:Type="String">=CCS01.IC101</Data></Cell>
<Cell><Data ss:Type="String"></Data></Cell>
<Cell><Data ss:Type="String"></Data></Cell>
<Cell><Data ss:Type="String"></Data></Cell>
<Cell><Data ss:Type="String">LampTestOff</Data></Cell>
<Cell><Data ss:Type="String"></Data></Cell>
</Row>
</Table>
<WorksheetOptions xmlns="urn:schemas-microsoft-com:office:excel">
<Unsynced/>
<Print>
<ValidPrinterInfo/>
<PaperSizeIndex>9</PaperSizeIndex>
<HorizontalResolution>600</HorizontalResolution>
<VerticalResolution>300</VerticalResolution>
</Print>
<Selected/>
<TopRowVisible>0</TopRowVisible>
<ProtectObjects>False</ProtectObjects>
<ProtectScenarios>False</ProtectScenarios>
</WorksheetOptions>
</Worksheet>
</Workbook>



