<?xml version="1.0"?>
<?mso-application progid="Excel.Sheet"?>
<Workbook xmlns="urn:schemas-microsoft-com:office:spreadsheet"
xmlns:o="urn:schemas-microsoft-com:office:office"
xmlns:x="urn:schemas-microsoft-com:office:excel"
xmlns:ss="urn:schemas-microsoft-com:office:spreadsheet"
xmlns:html="http://www.w3.org/TR/REC-html40">
<DocumentProperties xmlns="urn:schemas-microsoft-com:office:office">
<Author>BGBuild</Author>
<LastAuthor>BGBuild</LastAuthor>
<Created>2011-12-08T10:33:07Z</Created>
<LastSaved>2013-02-13T08:46:36Z</LastSaved>
<Version>14.00</Version>
</DocumentProperties>
<OfficeDocumentSettings xmlns="urn:schemas-microsoft-com:office:office">
<AllowPNG/>
</OfficeDocumentSettings>
<ExcelWorkbook xmlns="urn:schemas-microsoft-com:office:excel">
<WindowHeight>12660</WindowHeight>
<WindowWidth>15180</WindowWidth>
<WindowTopX>480</WindowTopX>
<WindowTopY>120</WindowTopY>
<ProtectStructure>False</ProtectStructure>
<ProtectWindows>False</ProtectWindows>
</ExcelWorkbook>
<Styles>
<Style ss:ID="Default" ss:Name="Normal">
<Alignment ss:Vertical="Bottom"/>
<Borders/>
<Font ss:FontName="Arial"/>
<Interior/>
<NumberFormat/>
<Protection/>
</Style>
<Style ss:ID="s62">
<Font ss:FontName="Arial" x:Family="Swiss"/>
</Style>
<Style ss:ID="s63">
<Font ss:FontName="Arial" x:Family="Swiss" ss:Color="#333333"/>
</Style>
</Styles>
<Worksheet ss:Name="Sheet1">
<Table x:FullColumns="1" x:FullRows="1" ss:DefaultRowHeight="13.3125">



<Row>
<Cell><Data ss:Type="String">SignalAddress</Data></Cell>
<Cell><Data ss:Type="String">SignalResetAddress</Data></Cell>
<Cell><Data ss:Type="String">AlarmTag</Data></Cell>
<Cell><Data ss:Type="String">Resetable</Data></Cell>
<Cell><Data ss:Type="String">EventAlarm</Data></Cell>
<Cell><Data ss:Type="String">Bit</Data></Cell>
<Cell><Data ss:Type="String">partId</Data></Cell>
<Cell><Data ss:Type="String">PartType</Data></Cell>
<Cell><Data ss:Type="String">subPartType</Data></Cell>
<Cell><Data ss:Type="String">subPartID</Data></Cell>
<Cell><Data ss:Type="String">signalId</Data></Cell>
<Cell><Data ss:Type="String">ResetHandlerProxy</Data></Cell>
</Row>
<Row>
<Cell><Data ss:Type="String">SORTER_MAIN_MS01_ELM_CM</Data></Cell>
<Cell><Data ss:Type="String"></Data></Cell>
<Cell><Data ss:Type="String"></Data></Cell>
<Cell><Data ss:Type="String">0</Data></Cell>
<Cell><Data ss:Type="String">false</Data></Cell>
<Cell><Data ss:Type="String">0</Data></Cell>
<Cell><Data ss:Type="String">=Sorter-MS01</Data></Cell>
<Cell><Data ss:Type="String"></Data></Cell>
<Cell><Data ss:Type="String"></Data></Cell>
<Cell><Data ss:Type="String"></Data></Cell>
<Cell><Data ss:Type="String">MS01_SO_START</Data></Cell>
<Cell><Data ss:Type="String"></Data></Cell>
</Row>
<Row>
<Cell><Data ss:Type="String">SORTER_MAIN_MS01_ELM_CM</Data></Cell>
<Cell><Data ss:Type="String"></Data></Cell>
<Cell><Data ss:Type="String"></Data></Cell>
<Cell><Data ss:Type="String">0</Data></Cell>
<Cell><Data ss:Type="String">false</Data></Cell>
<Cell><Data ss:Type="String">8</Data></Cell>
<Cell><Data ss:Type="String">=Sorter-MS01</Data></Cell>
<Cell><Data ss:Type="String"></Data></Cell>
<Cell><Data ss:Type="String"></Data></Cell>
<Cell><Data ss:Type="String"></Data></Cell>
<Cell><Data ss:Type="String">MS01_SO_STOP_NOW</Data></Cell>
<Cell><Data ss:Type="String"></Data></Cell>
</Row>
<Row>
<Cell><Data ss:Type="String">SORTER_MAIN_MS01_ELM_CM</Data></Cell>
<Cell><Data ss:Type="String"></Data></Cell>
<Cell><Data ss:Type="String"></Data></Cell>
<Cell><Data ss:Type="String">0</Data></Cell>
<Cell><Data ss:Type="String">false</Data></Cell>
<Cell><Data ss:Type="String">9</Data></Cell>
<Cell><Data ss:Type="String">=Sorter-MS01</Data></Cell>
<Cell><Data ss:Type="String"></Data></Cell>
<Cell><Data ss:Type="String"></Data></Cell>
<Cell><Data ss:Type="String"></Data></Cell>
<Cell><Data ss:Type="String">MS01_SO_STOP_WHEN_EMPTY</Data></Cell>
<Cell><Data ss:Type="String"></Data></Cell>
</Row>
<Row>
<Cell><Data ss:Type="String">SORTER_MAIN_MS01_ELM_CM</Data></Cell>
<Cell><Data ss:Type="String"></Data></Cell>
<Cell><Data ss:Type="String"></Data></Cell>
<Cell><Data ss:Type="String">0</Data></Cell>
<Cell><Data ss:Type="String">false</Data></Cell>
<Cell><Data ss:Type="String">10</Data></Cell>
<Cell><Data ss:Type="String">=Sorter-MS01</Data></Cell>
<Cell><Data ss:Type="String"></Data></Cell>
<Cell><Data ss:Type="String"></Data></Cell>
<Cell><Data ss:Type="String"></Data></Cell>
<Cell><Data ss:Type="String">MS01_SO_STOP_WHEN_IU_EMPTY</Data></Cell>
<Cell><Data ss:Type="String"></Data></Cell>
</Row>
<Row>
<Cell><Data ss:Type="String">SORTER_MAIN_IU001_ELM_CM</Data></Cell>
<Cell><Data ss:Type="String"></Data></Cell>
<Cell><Data ss:Type="String"></Data></Cell>
<Cell><Data ss:Type="String">0</Data></Cell>
<Cell><Data ss:Type="String">false</Data></Cell>
<Cell><Data ss:Type="String">0</Data></Cell>
<Cell><Data ss:Type="String">=Sorter-IU001</Data></Cell>
<Cell><Data ss:Type="String"></Data></Cell>
<Cell><Data ss:Type="String"></Data></Cell>
<Cell><Data ss:Type="String"></Data></Cell>
<Cell><Data ss:Type="String">MS01_IU_START</Data></Cell>
<Cell><Data ss:Type="String"></Data></Cell>
</Row>
<Row>
<Cell><Data ss:Type="String">SORTER_MAIN_IU001_ELM_CM</Data></Cell>
<Cell><Data ss:Type="String"></Data></Cell>
<Cell><Data ss:Type="String"></Data></Cell>
<Cell><Data ss:Type="String">0</Data></Cell>
<Cell><Data ss:Type="String">false</Data></Cell>
<Cell><Data ss:Type="String">8</Data></Cell>
<Cell><Data ss:Type="String">=Sorter-IU001</Data></Cell>
<Cell><Data ss:Type="String"></Data></Cell>
<Cell><Data ss:Type="String"></Data></Cell>
<Cell><Data ss:Type="String"></Data></Cell>
<Cell><Data ss:Type="String">MS01_IU_STOP_NOW</Data></Cell>
<Cell><Data ss:Type="String"></Data></Cell>
</Row>
<Row>
<Cell><Data ss:Type="String">SORTER_MAIN_IU001_ELM_CM</Data></Cell>
<Cell><Data ss:Type="String"></Data></Cell>
<Cell><Data ss:Type="String"></Data></Cell>
<Cell><Data ss:Type="String">0</Data></Cell>
<Cell><Data ss:Type="String">false</Data></Cell>
<Cell><Data ss:Type="String">9</Data></Cell>
<Cell><Data ss:Type="String">=Sorter-IU001</Data></Cell>
<Cell><Data ss:Type="String"></Data></Cell>
<Cell><Data ss:Type="String"></Data></Cell>
<Cell><Data ss:Type="String"></Data></Cell>
<Cell><Data ss:Type="String">MS01_IU_STOP_WHEN_EMPTY</Data></Cell>
<Cell><Data ss:Type="String"></Data></Cell>
</Row>
<Row>
<Cell><Data ss:Type="String">SORTER_MAIN_IU002_ELM_CM</Data></Cell>
<Cell><Data ss:Type="String"></Data></Cell>
<Cell><Data ss:Type="String"></Data></Cell>
<Cell><Data ss:Type="String">0</Data></Cell>
<Cell><Data ss:Type="String">false</Data></Cell>
<Cell><Data ss:Type="String">0</Data></Cell>
<Cell><Data ss:Type="String">=Sorter-IU002</Data></Cell>
<Cell><Data ss:Type="String"></Data></Cell>
<Cell><Data ss:Type="String"></Data></Cell>
<Cell><Data ss:Type="String"></Data></Cell>
<Cell><Data ss:Type="String">MS01_IU_START</Data></Cell>
<Cell><Data ss:Type="String"></Data></Cell>
</Row>
<Row>
<Cell><Data ss:Type="String">SORTER_MAIN_IU002_ELM_CM</Data></Cell>
<Cell><Data ss:Type="String"></Data></Cell>
<Cell><Data ss:Type="String"></Data></Cell>
<Cell><Data ss:Type="String">0</Data></Cell>
<Cell><Data ss:Type="String">false</Data></Cell>
<Cell><Data ss:Type="String">8</Data></Cell>
<Cell><Data ss:Type="String">=Sorter-IU002</Data></Cell>
<Cell><Data ss:Type="String"></Data></Cell>
<Cell><Data ss:Type="String"></Data></Cell>
<Cell><Data ss:Type="String"></Data></Cell>
<Cell><Data ss:Type="String">MS01_IU_STOP_NOW</Data></Cell>
<Cell><Data ss:Type="String"></Data></Cell>
</Row>
<Row>
<Cell><Data ss:Type="String">SORTER_MAIN_IU002_ELM_CM</Data></Cell>
<Cell><Data ss:Type="String"></Data></Cell>
<Cell><Data ss:Type="String"></Data></Cell>
<Cell><Data ss:Type="String">0</Data></Cell>
<Cell><Data ss:Type="String">false</Data></Cell>
<Cell><Data ss:Type="String">9</Data></Cell>
<Cell><Data ss:Type="String">=Sorter-IU002</Data></Cell>
<Cell><Data ss:Type="String"></Data></Cell>
<Cell><Data ss:Type="String"></Data></Cell>
<Cell><Data ss:Type="String"></Data></Cell>
<Cell><Data ss:Type="String">MS01_IU_STOP_WHEN_EMPTY</Data></Cell>
<Cell><Data ss:Type="String"></Data></Cell>
</Row>
<Row>
<Cell><Data ss:Type="String">SORTER_MAIN_IU003_ELM_CM</Data></Cell>
<Cell><Data ss:Type="String"></Data></Cell>
<Cell><Data ss:Type="String"></Data></Cell>
<Cell><Data ss:Type="String">0</Data></Cell>
<Cell><Data ss:Type="String">false</Data></Cell>
<Cell><Data ss:Type="String">0</Data></Cell>
<Cell><Data ss:Type="String">=Sorter-IU003</Data></Cell>
<Cell><Data ss:Type="String"></Data></Cell>
<Cell><Data ss:Type="String"></Data></Cell>
<Cell><Data ss:Type="String"></Data></Cell>
<Cell><Data ss:Type="String">MS01_IU_START</Data></Cell>
<Cell><Data ss:Type="String"></Data></Cell>
</Row>
<Row>
<Cell><Data ss:Type="String">SORTER_MAIN_IU003_ELM_CM</Data></Cell>
<Cell><Data ss:Type="String"></Data></Cell>
<Cell><Data ss:Type="String"></Data></Cell>
<Cell><Data ss:Type="String">0</Data></Cell>
<Cell><Data ss:Type="String">false</Data></Cell>
<Cell><Data ss:Type="String">8</Data></Cell>
<Cell><Data ss:Type="String">=Sorter-IU003</Data></Cell>
<Cell><Data ss:Type="String"></Data></Cell>
<Cell><Data ss:Type="String"></Data></Cell>
<Cell><Data ss:Type="String"></Data></Cell>
<Cell><Data ss:Type="String">MS01_IU_STOP_NOW</Data></Cell>
<Cell><Data ss:Type="String"></Data></Cell>
</Row>
<Row>
<Cell><Data ss:Type="String">SORTER_MAIN_IU003_ELM_CM</Data></Cell>
<Cell><Data ss:Type="String"></Data></Cell>
<Cell><Data ss:Type="String"></Data></Cell>
<Cell><Data ss:Type="String">0</Data></Cell>
<Cell><Data ss:Type="String">false</Data></Cell>
<Cell><Data ss:Type="String">9</Data></Cell>
<Cell><Data ss:Type="String">=Sorter-IU003</Data></Cell>
<Cell><Data ss:Type="String"></Data></Cell>
<Cell><Data ss:Type="String"></Data></Cell>
<Cell><Data ss:Type="String"></Data></Cell>
<Cell><Data ss:Type="String">MS01_IU_STOP_WHEN_EMPTY</Data></Cell>
<Cell><Data ss:Type="String"></Data></Cell>
</Row>
<Row>
<Cell><Data ss:Type="String">SORTER_MAIN_IU004_ELM_CM</Data></Cell>
<Cell><Data ss:Type="String"></Data></Cell>
<Cell><Data ss:Type="String"></Data></Cell>
<Cell><Data ss:Type="String">0</Data></Cell>
<Cell><Data ss:Type="String">false</Data></Cell>
<Cell><Data ss:Type="String">0</Data></Cell>
<Cell><Data ss:Type="String">=Sorter-IU004</Data></Cell>
<Cell><Data ss:Type="String"></Data></Cell>
<Cell><Data ss:Type="String"></Data></Cell>
<Cell><Data ss:Type="String"></Data></Cell>
<Cell><Data ss:Type="String">MS01_IU_START</Data></Cell>
<Cell><Data ss:Type="String"></Data></Cell>
</Row>
<Row>
<Cell><Data ss:Type="String">SORTER_MAIN_IU004_ELM_CM</Data></Cell>
<Cell><Data ss:Type="String"></Data></Cell>
<Cell><Data ss:Type="String"></Data></Cell>
<Cell><Data ss:Type="String">0</Data></Cell>
<Cell><Data ss:Type="String">false</Data></Cell>
<Cell><Data ss:Type="String">8</Data></Cell>
<Cell><Data ss:Type="String">=Sorter-IU004</Data></Cell>
<Cell><Data ss:Type="String"></Data></Cell>
<Cell><Data ss:Type="String"></Data></Cell>
<Cell><Data ss:Type="String"></Data></Cell>
<Cell><Data ss:Type="String">MS01_IU_STOP_NOW</Data></Cell>
<Cell><Data ss:Type="String"></Data></Cell>
</Row>
<Row>
<Cell><Data ss:Type="String">SORTER_MAIN_IU004_ELM_CM</Data></Cell>
<Cell><Data ss:Type="String"></Data></Cell>
<Cell><Data ss:Type="String"></Data></Cell>
<Cell><Data ss:Type="String">0</Data></Cell>
<Cell><Data ss:Type="String">false</Data></Cell>
<Cell><Data ss:Type="String">9</Data></Cell>
<Cell><Data ss:Type="String">=Sorter-IU004</Data></Cell>
<Cell><Data ss:Type="String"></Data></Cell>
<Cell><Data ss:Type="String"></Data></Cell>
<Cell><Data ss:Type="String"></Data></Cell>
<Cell><Data ss:Type="String">MS01_IU_STOP_WHEN_EMPTY</Data></Cell>
<Cell><Data ss:Type="String"></Data></Cell>
</Row>
<Row>
<Cell><Data ss:Type="String">SORTER_MAIN_IU101_ELM_CM</Data></Cell>
<Cell><Data ss:Type="String"></Data></Cell>
<Cell><Data ss:Type="String"></Data></Cell>
<Cell><Data ss:Type="String">0</Data></Cell>
<Cell><Data ss:Type="String">false</Data></Cell>
<Cell><Data ss:Type="String">0</Data></Cell>
<Cell><Data ss:Type="String">=Sorter-IU101</Data></Cell>
<Cell><Data ss:Type="String"></Data></Cell>
<Cell><Data ss:Type="String"></Data></Cell>
<Cell><Data ss:Type="String"></Data></Cell>
<Cell><Data ss:Type="String">MS01_IU_START</Data></Cell>
<Cell><Data ss:Type="String"></Data></Cell>
</Row>
<Row>
<Cell><Data ss:Type="String">SORTER_MAIN_IU101_ELM_CM</Data></Cell>
<Cell><Data ss:Type="String"></Data></Cell>
<Cell><Data ss:Type="String"></Data></Cell>
<Cell><Data ss:Type="String">0</Data></Cell>
<Cell><Data ss:Type="String">false</Data></Cell>
<Cell><Data ss:Type="String">8</Data></Cell>
<Cell><Data ss:Type="String">=Sorter-IU101</Data></Cell>
<Cell><Data ss:Type="String"></Data></Cell>
<Cell><Data ss:Type="String"></Data></Cell>
<Cell><Data ss:Type="String"></Data></Cell>
<Cell><Data ss:Type="String">MS01_IU_STOP_NOW</Data></Cell>
<Cell><Data ss:Type="String"></Data></Cell>
</Row>
<Row>
<Cell><Data ss:Type="String">SORTER_MAIN_IU101_ELM_CM</Data></Cell>
<Cell><Data ss:Type="String"></Data></Cell>
<Cell><Data ss:Type="String"></Data></Cell>
<Cell><Data ss:Type="String">0</Data></Cell>
<Cell><Data ss:Type="String">false</Data></Cell>
<Cell><Data ss:Type="String">9</Data></Cell>
<Cell><Data ss:Type="String">=Sorter-IU101</Data></Cell>
<Cell><Data ss:Type="String"></Data></Cell>
<Cell><Data ss:Type="String"></Data></Cell>
<Cell><Data ss:Type="String"></Data></Cell>
<Cell><Data ss:Type="String">MS01_IU_STOP_WHEN_EMPTY</Data></Cell>
<Cell><Data ss:Type="String"></Data></Cell>
</Row>
<Row>
<Cell><Data ss:Type="String">SORTER_MAIN_IU102_ELM_CM</Data></Cell>
<Cell><Data ss:Type="String"></Data></Cell>
<Cell><Data ss:Type="String"></Data></Cell>
<Cell><Data ss:Type="String">0</Data></Cell>
<Cell><Data ss:Type="String">false</Data></Cell>
<Cell><Data ss:Type="String">0</Data></Cell>
<Cell><Data ss:Type="String">=Sorter-IU102</Data></Cell>
<Cell><Data ss:Type="String"></Data></Cell>
<Cell><Data ss:Type="String"></Data></Cell>
<Cell><Data ss:Type="String"></Data></Cell>
<Cell><Data ss:Type="String">MS01_IU_START</Data></Cell>
<Cell><Data ss:Type="String"></Data></Cell>
</Row>
<Row>
<Cell><Data ss:Type="String">SORTER_MAIN_IU102_ELM_CM</Data></Cell>
<Cell><Data ss:Type="String"></Data></Cell>
<Cell><Data ss:Type="String"></Data></Cell>
<Cell><Data ss:Type="String">0</Data></Cell>
<Cell><Data ss:Type="String">false</Data></Cell>
<Cell><Data ss:Type="String">8</Data></Cell>
<Cell><Data ss:Type="String">=Sorter-IU102</Data></Cell>
<Cell><Data ss:Type="String"></Data></Cell>
<Cell><Data ss:Type="String"></Data></Cell>
<Cell><Data ss:Type="String"></Data></Cell>
<Cell><Data ss:Type="String">MS01_IU_STOP_NOW</Data></Cell>
<Cell><Data ss:Type="String"></Data></Cell>
</Row>
<Row>
<Cell><Data ss:Type="String">SORTER_MAIN_IU102_ELM_CM</Data></Cell>
<Cell><Data ss:Type="String"></Data></Cell>
<Cell><Data ss:Type="String"></Data></Cell>
<Cell><Data ss:Type="String">0</Data></Cell>
<Cell><Data ss:Type="String">false</Data></Cell>
<Cell><Data ss:Type="String">9</Data></Cell>
<Cell><Data ss:Type="String">=Sorter-IU102</Data></Cell>
<Cell><Data ss:Type="String"></Data></Cell>
<Cell><Data ss:Type="String"></Data></Cell>
<Cell><Data ss:Type="String"></Data></Cell>
<Cell><Data ss:Type="String">MS01_IU_STOP_WHEN_EMPTY</Data></Cell>
<Cell><Data ss:Type="String"></Data></Cell>
</Row>
<Row>
<Cell><Data ss:Type="String">SORTER_MAIN_IU103_ELM_CM</Data></Cell>
<Cell><Data ss:Type="String"></Data></Cell>
<Cell><Data ss:Type="String"></Data></Cell>
<Cell><Data ss:Type="String">0</Data></Cell>
<Cell><Data ss:Type="String">false</Data></Cell>
<Cell><Data ss:Type="String">0</Data></Cell>
<Cell><Data ss:Type="String">=Sorter-IU103</Data></Cell>
<Cell><Data ss:Type="String"></Data></Cell>
<Cell><Data ss:Type="String"></Data></Cell>
<Cell><Data ss:Type="String"></Data></Cell>
<Cell><Data ss:Type="String">MS01_IU_START</Data></Cell>
<Cell><Data ss:Type="String"></Data></Cell>
</Row>
<Row>
<Cell><Data ss:Type="String">SORTER_MAIN_IU103_ELM_CM</Data></Cell>
<Cell><Data ss:Type="String"></Data></Cell>
<Cell><Data ss:Type="String"></Data></Cell>
<Cell><Data ss:Type="String">0</Data></Cell>
<Cell><Data ss:Type="String">false</Data></Cell>
<Cell><Data ss:Type="String">8</Data></Cell>
<Cell><Data ss:Type="String">=Sorter-IU103</Data></Cell>
<Cell><Data ss:Type="String"></Data></Cell>
<Cell><Data ss:Type="String"></Data></Cell>
<Cell><Data ss:Type="String"></Data></Cell>
<Cell><Data ss:Type="String">MS01_IU_STOP_NOW</Data></Cell>
<Cell><Data ss:Type="String"></Data></Cell>
</Row>
<Row>
<Cell><Data ss:Type="String">SORTER_MAIN_IU103_ELM_CM</Data></Cell>
<Cell><Data ss:Type="String"></Data></Cell>
<Cell><Data ss:Type="String"></Data></Cell>
<Cell><Data ss:Type="String">0</Data></Cell>
<Cell><Data ss:Type="String">false</Data></Cell>
<Cell><Data ss:Type="String">9</Data></Cell>
<Cell><Data ss:Type="String">=Sorter-IU103</Data></Cell>
<Cell><Data ss:Type="String"></Data></Cell>
<Cell><Data ss:Type="String"></Data></Cell>
<Cell><Data ss:Type="String"></Data></Cell>
<Cell><Data ss:Type="String">MS01_IU_STOP_WHEN_EMPTY</Data></Cell>
<Cell><Data ss:Type="String"></Data></Cell>
</Row>
<Row>
<Cell><Data ss:Type="String">SORTER_MAIN_IU104_ELM_CM</Data></Cell>
<Cell><Data ss:Type="String"></Data></Cell>
<Cell><Data ss:Type="String"></Data></Cell>
<Cell><Data ss:Type="String">0</Data></Cell>
<Cell><Data ss:Type="String">false</Data></Cell>
<Cell><Data ss:Type="String">0</Data></Cell>
<Cell><Data ss:Type="String">=Sorter-IU104</Data></Cell>
<Cell><Data ss:Type="String"></Data></Cell>
<Cell><Data ss:Type="String"></Data></Cell>
<Cell><Data ss:Type="String"></Data></Cell>
<Cell><Data ss:Type="String">MS01_IU_START</Data></Cell>
<Cell><Data ss:Type="String"></Data></Cell>
</Row>
<Row>
<Cell><Data ss:Type="String">SORTER_MAIN_IU104_ELM_CM</Data></Cell>
<Cell><Data ss:Type="String"></Data></Cell>
<Cell><Data ss:Type="String"></Data></Cell>
<Cell><Data ss:Type="String">0</Data></Cell>
<Cell><Data ss:Type="String">false</Data></Cell>
<Cell><Data ss:Type="String">8</Data></Cell>
<Cell><Data ss:Type="String">=Sorter-IU104</Data></Cell>
<Cell><Data ss:Type="String"></Data></Cell>
<Cell><Data ss:Type="String"></Data></Cell>
<Cell><Data ss:Type="String"></Data></Cell>
<Cell><Data ss:Type="String">MS01_IU_STOP_NOW</Data></Cell>
<Cell><Data ss:Type="String"></Data></Cell>
</Row>
<Row>
<Cell><Data ss:Type="String">SORTER_MAIN_IU104_ELM_CM</Data></Cell>
<Cell><Data ss:Type="String"></Data></Cell>
<Cell><Data ss:Type="String"></Data></Cell>
<Cell><Data ss:Type="String">0</Data></Cell>
<Cell><Data ss:Type="String">false</Data></Cell>
<Cell><Data ss:Type="String">9</Data></Cell>
<Cell><Data ss:Type="String">=Sorter-IU104</Data></Cell>
<Cell><Data ss:Type="String"></Data></Cell>
<Cell><Data ss:Type="String"></Data></Cell>
<Cell><Data ss:Type="String"></Data></Cell>
<Cell><Data ss:Type="String">MS01_IU_STOP_WHEN_EMPTY</Data></Cell>
<Cell><Data ss:Type="String"></Data></Cell>
</Row>
</Table>
<WorksheetOptions xmlns="urn:schemas-microsoft-com:office:excel">
<Unsynced/>
<Print>
<ValidPrinterInfo/>
<PaperSizeIndex>9</PaperSizeIndex>
<HorizontalResolution>600</HorizontalResolution>
<VerticalResolution>300</VerticalResolution>
</Print>
<Selected/>
<TopRowVisible>0</TopRowVisible>
<ProtectObjects>False</ProtectObjects>
<ProtectScenarios>False</ProtectScenarios>
</WorksheetOptions>
</Worksheet>
</Workbook>



