<?xml version="1.0"?>
<?mso-application progid="Excel.Sheet"?>
<Workbook xmlns="urn:schemas-microsoft-com:office:spreadsheet"
xmlns:o="urn:schemas-microsoft-com:office:office"
xmlns:x="urn:schemas-microsoft-com:office:excel"
xmlns:ss="urn:schemas-microsoft-com:office:spreadsheet"
xmlns:html="http://www.w3.org/TR/REC-html40">
<DocumentProperties xmlns="urn:schemas-microsoft-com:office:office">
<Author>BGBuild</Author>
<LastAuthor>BGBuild</LastAuthor>
<Created>2011-12-08T10:33:07Z</Created>
<LastSaved>2013-02-13T08:46:36Z</LastSaved>
<Version>14.00</Version>
</DocumentProperties>
<OfficeDocumentSettings xmlns="urn:schemas-microsoft-com:office:office">
<AllowPNG/>
</OfficeDocumentSettings>
<ExcelWorkbook xmlns="urn:schemas-microsoft-com:office:excel">
<WindowHeight>12660</WindowHeight>
<WindowWidth>15180</WindowWidth>
<WindowTopX>480</WindowTopX>
<WindowTopY>120</WindowTopY>
<ProtectStructure>False</ProtectStructure>
<ProtectWindows>False</ProtectWindows>
</ExcelWorkbook>
<Styles>
<Style ss:ID="Default" ss:Name="Normal">
<Alignment ss:Vertical="Bottom"/>
<Borders/>
<Font ss:FontName="Arial"/>
<Interior/>
<NumberFormat/>
<Protection/>
</Style>
<Style ss:ID="s62">
<Font ss:FontName="Arial" x:Family="Swiss"/>
</Style>
<Style ss:ID="s63">
<Font ss:FontName="Arial" x:Family="Swiss" ss:Color="#333333"/>
</Style>
</Styles>
<Worksheet ss:Name="Sheet1">
<Table x:FullColumns="1" x:FullRows="1" ss:DefaultRowHeight="13.3125">



<Row>
<Cell><Data ss:Type="String">Property</Data></Cell>
<Cell><Data ss:Type="String">Value</Data></Cell>
<Cell><Data ss:Type="String">Comments</Data></Cell>
</Row>
<Row>
<Cell><Data ss:Type="String"></Data></Cell>
<Cell><Data ss:Type="String"></Data></Cell>
<Cell><Data ss:Type="String"></Data></Cell>
</Row>
<Row>
<Cell><Data ss:Type="String">plcsetup</Data></Cell>
<Cell><Data ss:Type="String">standalone</Data></Cell>
<Cell><Data ss:Type="String">standalone | redundant | h-setup</Data></Cell>
</Row>
<Row>
<Cell><Data ss:Type="String">keepalive_timeout</Data></Cell>
<Cell><Data ss:Type="String">10</Data></Cell>
<Cell><Data ss:Type="String">Keepalive timeout in seconds</Data></Cell>
</Row>
<Row>
<Cell><Data ss:Type="String">main_channel</Data></Cell>
<Cell><Data ss:Type="String">S7_MS01</Data></Cell>
<Cell><Data ss:Type="String">OPC server channel for Main PLC</Data></Cell>
</Row>
<Row>
<Cell><Data ss:Type="String">main_device</Data></Cell>
<Cell><Data ss:Type="String">Main</Data></Cell>
<Cell><Data ss:Type="String">OPC server device for Main PLC</Data></Cell>
</Row>
<Row>
<Cell><Data ss:Type="String">main_keepalive</Data></Cell>
<Cell><Data ss:Type="String">SORTER_MAIN_SYSTEM_KAL_MAIN_SIGNAL_1</Data></Cell>
<Cell><Data ss:Type="String">OPC server channel for Main PLC</Data></Cell>
</Row>
<Row>
<Cell><Data ss:Type="String">main_active</Data></Cell>
<Cell><Data ss:Type="String">SORTER_MAIN_SYSTEM_KAL_MAIN_ACTIVE</Data></Cell>
<Cell><Data ss:Type="String">Alarmlink signal containing connection status to Main PLC</Data></Cell>
</Row>
</Table>
<WorksheetOptions xmlns="urn:schemas-microsoft-com:office:excel">
<Unsynced/>
<Print>
<ValidPrinterInfo/>
<PaperSizeIndex>9</PaperSizeIndex>
<HorizontalResolution>600</HorizontalResolution>
<VerticalResolution>300</VerticalResolution>
</Print>
<Selected/>
<TopRowVisible>0</TopRowVisible>
<ProtectObjects>False</ProtectObjects>
<ProtectScenarios>False</ProtectScenarios>
</WorksheetOptions>
</Worksheet>
</Workbook>



