﻿<installation>
  <variables>
    <variable name="LOGSERVER_IP" value="${GLOBAL.LOGSERVER_IP,127.0.0.1}" />
    <variable name="LOGSERVER_PORT" value="${GLOBAL.LOGSERVER_PORT,7200}" />
    <variable name="MessageRouterPort" value="7231" />

    <!-- Alarmlink service ip/port -->
    <variable name="ALARMLINK_SERVICE_BIND_IP" value="${GLOBAL.ALARMLINK_SERVICE_BIND_IP,*}" />
    <variable name="ALARMLINK_PORT" value="${GLOBAL.ALARMLINK_PORT,7289}" />
    <variable name="ALARMLINK_IP" value="${GLOBAL.ALARMLINK_IP,localhost}" />

    <!-- Enable simulator tasks -->
    <variable name="ALARMLINK_SIMULATION" value="false" />

    <variable name="MAX_ALARMAGE" value="${GLOBAL.MAX_ALARMAGE,30}" />
    <variable name="MESSENGER_MODE" value="${GLOBAL.MESSENGER_MODE,simple}" />
    <variable name="MESSENGER_USE_SCHEDULER" value="${GLOBAL.MESSENGER_USE_SCHEDULER,false}" />    
    <variable name="MAX_MESSENGER_LOGAGE" value="${GLOBAL.MAX_MESSENGER_LOGAGE,14}" />

    <variable name="EXCHANGE_ENABLED" value="${GLOBAL.EXCHANGE_ENABLED,false}"/>
    <variable name="SMTP_ENABLED" value="${GLOBAL.SMTP_ENABLED,false}"/>
    <variable name="EMAIL_HOST" value="${GLOBAL.EMAIL_HOST,}"/>
    <variable name="EMAIL_PORT" value="${GLOBAL.EMAIL_PORT,25}"/>
    <!--https://webmailcp.beumer.com/ews/exchange.asmx-->  
    <variable name="EMAIL_SENDER" value="${GLOBAL.EMAIL_SENDER,}"/>
    <variable name="EMAIL_USERNAME" value="${GLOBAL.EMAIL_USERNAME,}"/>
    <variable name="EMAIL_PASSWORD" value="${GLOBAL.EMAIL_PASSWORD,}"/>
    <variable name="EMAIL_DOMAIN" value="${GLOBAL.EMAIL_DOMAIN,}"/>
    <variable name="EMAIL_SAVECOPY" value="${GLOBAL.EMAIL_SAVECOPY,false}"/>

    <!-- WarmStandby -->
    <variable name="WarmStandbyType" value="${GLOBAL.WarmStandbyType,MASTER}"/>
    <variable name="WarmStandbyHostName" value="${GLOBAL.WarmStandbyHostName,unknown}"/>

    <variable name="DBServer" value="${GLOBAL.AlarmlinkServername,localhost}" />
    <variable name="DBUsername" value="${GLOBAL.AlarmlinkUsername,sa}" />
    <variable name="DBPassword" value="${GLOBAL.AlarmlinkPassword,1Password}" />
    <variable name="DBName" value ="${GLOBAL.ProjectName,}AlarmlinkDB" />

    <variable name="CONNECTIONSTRING" value ="${GLOBAL.ALARMLINK_DBCONSTRING,server=${GLOBAL.AlarmlinkServername,localhost};uid=${GLOBAL.AlarmlinkUsername,sa};pwd=${GLOBAL.AlarmlinkPassword,1Password};database=${GLOBAL.ProjectName,}AlarmlinkDB}" />
    <!-- ServerName=${DBNAME};UserID=dba;Password=sql;DatabaseName=${DBNAME};CommLinks=TCPIP(HOST=${DBHOST}) -->
    <variable name="DBPROVIDER" value ="${GLOBAL.ALARMLINK_DBPROVIDER,System.Data.SqlClient}" /> <!-- iAnywhere.Data.SQLAnywhere -->
    <variable name="DBTYPE" value ="${GLOBAL.ALARMLINK_DBTYPE,MSSQL}" /> <!-- SYBASE-->

    <variable name="AlarmLinkConf" value ="${GLOBAL.AlarmLinkConf,}" />

    <!-- Time of day when the purge should run -->
    <variable name="PURGE_RUNTIME" value="${GLOBAL.DATA_HOUSEKEEPING_TIME, 03:00}"/>
	
	 <!-- Variables for CIS connector -->
    <variable name="CISIp" value="${GLOBAL.CIS_IP,localhost}" />
    <variable name="CISPort" value="${GLOBAL.CIS_PORT,5096}" />
    <variable name="ALARMLINK_CIS" value="${GLOBAL.ALARMLINK_CIS,False}" />    

    <!-- Variables for WHMC connector -->
    <variable name="ALARMLINK_WHMC" value="${GLOBAL.ALARMLINK_WHMC,False}" />    

    <variable name="DEFAULT_LANGUAGE" value="${GLOBAL.DEFAULT_LANGUAGE,en-GB}" />

    <!-- Variables for AlarmStatusLog used for Elastic -->
    <variable name="ALARMLINK_ELASTIC_LOG" value="${GLOBAL.ALARMLINK_ELASTIC_LOG,True}" />

    <!-- ============================================================ -->
    <!--WIMAP Parameters-->
    <!-- ============================================================ -->
    <variable name="ALARMLINK_WIMAP_PORT" value="${GLOBAL.ALARMLINK_WIMAP_PORT,7291}" />
    <variable name="ALARMLINK_WIMAP_CONTROLLER_ID" value="${GLOBAL.ALARMLINK_WIMAP_CONTROLLER_ID,AlarmLink}" />
    <variable name="ALARMLINK_SYSTEM_STATUS_ENABLED" value="${GLOBAL.ALARMLINK_SYSTEM_STATUS_ENABLED,true}" />

    <!-- ============================================================ -->
    <!--Messaging Parameters-->
    <!-- ============================================================ -->
    <variable name="GSMMODEM_PORT" value="${GLOBAL.GSMMODEM_PORT,COM3}" />
    <variable name="GSMMODEM_BAUDRATE" value="${GLOBAL.GSMMODEM_BAUDRATE,115200}" />
    <variable name="GSMMODEM_SMSCENTRALNUMBER" value="${GLOBAL.GSMMODEM_SMSCENTRALNUMBER,}" />
    <!-- Telia.DK <variable name="GSMMODEM_SMSCENTRALNUMBER" value="${GLOBAL.GSMMODEM_SMSCENTRALNUMBER,+4528187000}" /> -->
    <variable name="GSMMODEM_COMM_TIMEOUT" value="${GLOBAL.GSMMODEM_COMM_TIMEOUT, 1200}" /> <!--timeout for communcation with phone in miliseconds-->
    <variable name="SMS_ENABLED" value="${GLOBAL.SMS_ENABLED,false}" />
    <!-- for how long in minutes should the sms central try to deliver the sms. Must be in 5 minutes interval between 5 and 720, or 30 min interval between 720 and 1440 -->
    <variable name="SMS_MESSAGELIMETIME" value="${GLOBAL.SMS_MESSAGELIMETIME,60}" />
  </variables>
</installation>