<?xml version="1.0"?>
<?mso-application progid="Excel.Sheet"?>
<Workbook xmlns="urn:schemas-microsoft-com:office:spreadsheet"
xmlns:o="urn:schemas-microsoft-com:office:office"
xmlns:x="urn:schemas-microsoft-com:office:excel"
xmlns:ss="urn:schemas-microsoft-com:office:spreadsheet"
xmlns:html="http://www.w3.org/TR/REC-html40">
<DocumentProperties xmlns="urn:schemas-microsoft-com:office:office">
<Author>BGBuild</Author>
<LastAuthor>BGBuild</LastAuthor>
<Created>2011-12-08T10:33:07Z</Created>
<LastSaved>2013-02-13T08:46:36Z</LastSaved>
<Version>14.00</Version>
</DocumentProperties>
<OfficeDocumentSettings xmlns="urn:schemas-microsoft-com:office:office">
<AllowPNG/>
</OfficeDocumentSettings>
<ExcelWorkbook xmlns="urn:schemas-microsoft-com:office:excel">
<WindowHeight>12660</WindowHeight>
<WindowWidth>15180</WindowWidth>
<WindowTopX>480</WindowTopX>
<WindowTopY>120</WindowTopY>
<ProtectStructure>False</ProtectStructure>
<ProtectWindows>False</ProtectWindows>
</ExcelWorkbook>
<Styles>
<Style ss:ID="Default" ss:Name="Normal">
<Alignment ss:Vertical="Bottom"/>
<Borders/>
<Font ss:FontName="Arial"/>
<Interior/>
<NumberFormat/>
<Protection/>
</Style>
<Style ss:ID="s62">
<Font ss:FontName="Arial" x:Family="Swiss"/>
</Style>
<Style ss:ID="s63">
<Font ss:FontName="Arial" x:Family="Swiss" ss:Color="#333333"/>
</Style>
</Styles>
<Worksheet ss:Name="Sheet1">
<Table x:FullColumns="1" x:FullRows="1" ss:DefaultRowHeight="13.3125">



<Row>
<Cell><Data ss:Type="String">Identifier</Data></Cell>
<Cell><Data ss:Type="String">AlarmCondition</Data></Cell>
<Cell><Data ss:Type="String">Value</Data></Cell>
<Cell><Data ss:Type="String">SignalName</Data></Cell>
</Row>
<Row>
<Cell><Data ss:Type="String">NotOne</Data></Cell>
<Cell><Data ss:Type="String">NotEqual</Data></Cell>
<Cell><Data ss:Type="String">1</Data></Cell>
<Cell><Data ss:Type="String"></Data></Cell>
</Row>
<Row>
<Cell><Data ss:Type="String">NotZero</Data></Cell>
<Cell><Data ss:Type="String">NotEqual</Data></Cell>
<Cell><Data ss:Type="String">0</Data></Cell>
<Cell><Data ss:Type="String"></Data></Cell>
</Row>
<Row>
<Cell><Data ss:Type="String">DiskUsageLimit</Data></Cell>
<Cell><Data ss:Type="String">LessThan</Data></Cell>
<Cell><Data ss:Type="String">2</Data></Cell>
<Cell><Data ss:Type="String"></Data></Cell>
</Row>
<Row>
<Cell><Data ss:Type="String">CPUUsageLimit</Data></Cell>
<Cell><Data ss:Type="String">GreaterThan</Data></Cell>
<Cell><Data ss:Type="String">80</Data></Cell>
<Cell><Data ss:Type="String"></Data></Cell>
</Row>
<Row>
<Cell><Data ss:Type="String">MemoryUsageLimit</Data></Cell>
<Cell><Data ss:Type="String">GreaterThan</Data></Cell>
<Cell><Data ss:Type="String">75</Data></Cell>
<Cell><Data ss:Type="String"></Data></Cell>
</Row>
<Row>
<Cell><Data ss:Type="String">HW_RAID_OK</Data></Cell>
<Cell><Data ss:Type="String">NotEqual</Data></Cell>
<Cell><Data ss:Type="String">1</Data></Cell>
<Cell><Data ss:Type="String"></Data></Cell>
</Row>
<Row>
<Cell><Data ss:Type="String">HW_SANPSU_OK</Data></Cell>
<Cell><Data ss:Type="String">NotEqual</Data></Cell>
<Cell><Data ss:Type="String">1</Data></Cell>
<Cell><Data ss:Type="String"></Data></Cell>
</Row>
<Row>
<Cell><Data ss:Type="String">HW_SANNET_OK</Data></Cell>
<Cell><Data ss:Type="String">NotEqual</Data></Cell>
<Cell><Data ss:Type="String">1</Data></Cell>
<Cell><Data ss:Type="String"></Data></Cell>
</Row>
<Row>
<Cell><Data ss:Type="String">HW_UPS_OK</Data></Cell>
<Cell><Data ss:Type="String">NotEqual</Data></Cell>
<Cell><Data ss:Type="String">2</Data></Cell>
<Cell><Data ss:Type="String"></Data></Cell>
</Row>
<Row>
<Cell><Data ss:Type="String">HW_DISK_OK</Data></Cell>
<Cell><Data ss:Type="String">NotEqual</Data></Cell>
<Cell><Data ss:Type="String">2</Data></Cell>
<Cell><Data ss:Type="String"></Data></Cell>
</Row>
<Row>
<Cell><Data ss:Type="String">HW_PSU_OK</Data></Cell>
<Cell><Data ss:Type="String">NotEqual</Data></Cell>
<Cell><Data ss:Type="String">2</Data></Cell>
<Cell><Data ss:Type="String"></Data></Cell>
</Row>
<Row>
<Cell><Data ss:Type="String">HW_DELL_PSU_OK</Data></Cell>
<Cell><Data ss:Type="String">NotEqual</Data></Cell>
<Cell><Data ss:Type="String">3</Data></Cell>
<Cell><Data ss:Type="String"></Data></Cell>
</Row>
<Row>
<Cell><Data ss:Type="String">HW_DELL_DISK_OK</Data></Cell>
<Cell><Data ss:Type="String">NotEqual</Data></Cell>
<Cell><Data ss:Type="String">3</Data></Cell>
<Cell><Data ss:Type="String"></Data></Cell>
</Row>
<Row>
<Cell><Data ss:Type="String">HW_DELL_DISK_CTRL_OK</Data></Cell>
<Cell><Data ss:Type="String">NotEqual</Data></Cell>
<Cell><Data ss:Type="String">1</Data></Cell>
<Cell><Data ss:Type="String"></Data></Cell>
</Row>
<Row>
<Cell><Data ss:Type="String">TemperatureLimit</Data></Cell>
<Cell><Data ss:Type="String">GreaterThan</Data></Cell>
<Cell><Data ss:Type="String">30</Data></Cell>
<Cell><Data ss:Type="String"></Data></Cell>
</Row>
<Row>
<Cell><Data ss:Type="String">HumitityLimit</Data></Cell>
<Cell><Data ss:Type="String">GreaterThan</Data></Cell>
<Cell><Data ss:Type="String">70</Data></Cell>
<Cell><Data ss:Type="String"></Data></Cell>
</Row>
<Row>
<Cell><Data ss:Type="String">HW_SAN_MinTemperaturLimit</Data></Cell>
<Cell><Data ss:Type="String">LessThan</Data></Cell>
<Cell><Data ss:Type="String">20</Data></Cell>
<Cell><Data ss:Type="String"></Data></Cell>
</Row>
<Row>
<Cell><Data ss:Type="String">HW_SAN_MaxTemperaturLimit</Data></Cell>
<Cell><Data ss:Type="String">GreaterThan</Data></Cell>
<Cell><Data ss:Type="String">50</Data></Cell>
<Cell><Data ss:Type="String"></Data></Cell>
</Row>
<Row>
<Cell><Data ss:Type="String">Equals00</Data></Cell>
<Cell><Data ss:Type="String">Equal</Data></Cell>
<Cell><Data ss:Type="String">0</Data></Cell>
<Cell><Data ss:Type="String"></Data></Cell>
</Row>
<Row>
<Cell><Data ss:Type="String">Equals01</Data></Cell>
<Cell><Data ss:Type="String">Equal</Data></Cell>
<Cell><Data ss:Type="String">1</Data></Cell>
<Cell><Data ss:Type="String"></Data></Cell>
</Row>
<Row>
<Cell><Data ss:Type="String">Equals02</Data></Cell>
<Cell><Data ss:Type="String">Equal</Data></Cell>
<Cell><Data ss:Type="String">2</Data></Cell>
<Cell><Data ss:Type="String"></Data></Cell>
</Row>
<Row>
<Cell><Data ss:Type="String">Equals03</Data></Cell>
<Cell><Data ss:Type="String">Equal</Data></Cell>
<Cell><Data ss:Type="String">3</Data></Cell>
<Cell><Data ss:Type="String"></Data></Cell>
</Row>
<Row>
<Cell><Data ss:Type="String">Equals04</Data></Cell>
<Cell><Data ss:Type="String">Equal</Data></Cell>
<Cell><Data ss:Type="String">4</Data></Cell>
<Cell><Data ss:Type="String"></Data></Cell>
</Row>
<Row>
<Cell><Data ss:Type="String">Equals05</Data></Cell>
<Cell><Data ss:Type="String">Equal</Data></Cell>
<Cell><Data ss:Type="String">5</Data></Cell>
<Cell><Data ss:Type="String"></Data></Cell>
</Row>
<Row>
<Cell><Data ss:Type="String">Equals06</Data></Cell>
<Cell><Data ss:Type="String">Equal</Data></Cell>
<Cell><Data ss:Type="String">6</Data></Cell>
<Cell><Data ss:Type="String"></Data></Cell>
</Row>
<Row>
<Cell><Data ss:Type="String">Equals07</Data></Cell>
<Cell><Data ss:Type="String">Equal</Data></Cell>
<Cell><Data ss:Type="String">7</Data></Cell>
<Cell><Data ss:Type="String"></Data></Cell>
</Row>
<Row>
<Cell><Data ss:Type="String">Equals08</Data></Cell>
<Cell><Data ss:Type="String">Equal</Data></Cell>
<Cell><Data ss:Type="String">8</Data></Cell>
<Cell><Data ss:Type="String"></Data></Cell>
</Row>
<Row>
<Cell><Data ss:Type="String">Equals09</Data></Cell>
<Cell><Data ss:Type="String">Equal</Data></Cell>
<Cell><Data ss:Type="String">9</Data></Cell>
<Cell><Data ss:Type="String"></Data></Cell>
</Row>
<Row>
<Cell><Data ss:Type="String">Equals10</Data></Cell>
<Cell><Data ss:Type="String">Equal</Data></Cell>
<Cell><Data ss:Type="String">10</Data></Cell>
<Cell><Data ss:Type="String"></Data></Cell>
</Row>
<Row>
<Cell><Data ss:Type="String">Equals11</Data></Cell>
<Cell><Data ss:Type="String">Equal</Data></Cell>
<Cell><Data ss:Type="String">11</Data></Cell>
<Cell><Data ss:Type="String"></Data></Cell>
</Row>
<Row>
<Cell><Data ss:Type="String">Equals12</Data></Cell>
<Cell><Data ss:Type="String">Equal</Data></Cell>
<Cell><Data ss:Type="String">12</Data></Cell>
<Cell><Data ss:Type="String"></Data></Cell>
</Row>
<Row>
<Cell><Data ss:Type="String">Equals13</Data></Cell>
<Cell><Data ss:Type="String">Equal</Data></Cell>
<Cell><Data ss:Type="String">13</Data></Cell>
<Cell><Data ss:Type="String"></Data></Cell>
</Row>
<Row>
<Cell><Data ss:Type="String">Equals14</Data></Cell>
<Cell><Data ss:Type="String">Equal</Data></Cell>
<Cell><Data ss:Type="String">14</Data></Cell>
<Cell><Data ss:Type="String"></Data></Cell>
</Row>
<Row>
<Cell><Data ss:Type="String">Equals15</Data></Cell>
<Cell><Data ss:Type="String">Equal</Data></Cell>
<Cell><Data ss:Type="String">15</Data></Cell>
<Cell><Data ss:Type="String"></Data></Cell>
</Row>
<Row>
<Cell><Data ss:Type="String">Equals16</Data></Cell>
<Cell><Data ss:Type="String">Equal</Data></Cell>
<Cell><Data ss:Type="String">16</Data></Cell>
<Cell><Data ss:Type="String"></Data></Cell>
</Row>
<Row>
<Cell><Data ss:Type="String">Equals17</Data></Cell>
<Cell><Data ss:Type="String">Equal</Data></Cell>
<Cell><Data ss:Type="String">17</Data></Cell>
<Cell><Data ss:Type="String"></Data></Cell>
</Row>
<Row>
<Cell><Data ss:Type="String">Equals18</Data></Cell>
<Cell><Data ss:Type="String">Equal</Data></Cell>
<Cell><Data ss:Type="String">18</Data></Cell>
<Cell><Data ss:Type="String"></Data></Cell>
</Row>
<Row>
<Cell><Data ss:Type="String">Equals19</Data></Cell>
<Cell><Data ss:Type="String">Equal</Data></Cell>
<Cell><Data ss:Type="String">19</Data></Cell>
<Cell><Data ss:Type="String"></Data></Cell>
</Row>
<Row>
<Cell><Data ss:Type="String">Equals20</Data></Cell>
<Cell><Data ss:Type="String">Equal</Data></Cell>
<Cell><Data ss:Type="String">20</Data></Cell>
<Cell><Data ss:Type="String"></Data></Cell>
</Row>
<Row>
<Cell><Data ss:Type="String">NotEquals00</Data></Cell>
<Cell><Data ss:Type="String">NotEqual</Data></Cell>
<Cell><Data ss:Type="String">0</Data></Cell>
<Cell><Data ss:Type="String"></Data></Cell>
</Row>
<Row>
<Cell><Data ss:Type="String">NotEquals01</Data></Cell>
<Cell><Data ss:Type="String">NotEqual</Data></Cell>
<Cell><Data ss:Type="String">1</Data></Cell>
<Cell><Data ss:Type="String"></Data></Cell>
</Row>
<Row>
<Cell><Data ss:Type="String">NotEquals02</Data></Cell>
<Cell><Data ss:Type="String">NotEqual</Data></Cell>
<Cell><Data ss:Type="String">2</Data></Cell>
<Cell><Data ss:Type="String"></Data></Cell>
</Row>
<Row>
<Cell><Data ss:Type="String">NotEquals03</Data></Cell>
<Cell><Data ss:Type="String">NotEqual</Data></Cell>
<Cell><Data ss:Type="String">3</Data></Cell>
<Cell><Data ss:Type="String"></Data></Cell>
</Row>
<Row>
<Cell><Data ss:Type="String">NotEquals04</Data></Cell>
<Cell><Data ss:Type="String">NotEqual</Data></Cell>
<Cell><Data ss:Type="String">4</Data></Cell>
<Cell><Data ss:Type="String"></Data></Cell>
</Row>
<Row>
<Cell><Data ss:Type="String">NotEquals05</Data></Cell>
<Cell><Data ss:Type="String">NotEqual</Data></Cell>
<Cell><Data ss:Type="String">5</Data></Cell>
<Cell><Data ss:Type="String"></Data></Cell>
</Row>
<Row>
<Cell><Data ss:Type="String">NotEquals06</Data></Cell>
<Cell><Data ss:Type="String">NotEqual</Data></Cell>
<Cell><Data ss:Type="String">6</Data></Cell>
<Cell><Data ss:Type="String"></Data></Cell>
</Row>
<Row>
<Cell><Data ss:Type="String">NotEquals07</Data></Cell>
<Cell><Data ss:Type="String">NotEqual</Data></Cell>
<Cell><Data ss:Type="String">7</Data></Cell>
<Cell><Data ss:Type="String"></Data></Cell>
</Row>
<Row>
<Cell><Data ss:Type="String">NotEquals08</Data></Cell>
<Cell><Data ss:Type="String">NotEqual</Data></Cell>
<Cell><Data ss:Type="String">8</Data></Cell>
<Cell><Data ss:Type="String"></Data></Cell>
</Row>
<Row>
<Cell><Data ss:Type="String">NotEquals09</Data></Cell>
<Cell><Data ss:Type="String">NotEqual</Data></Cell>
<Cell><Data ss:Type="String">9</Data></Cell>
<Cell><Data ss:Type="String"></Data></Cell>
</Row>
<Row>
<Cell><Data ss:Type="String">NotEquals10</Data></Cell>
<Cell><Data ss:Type="String">NotEqual</Data></Cell>
<Cell><Data ss:Type="String">10</Data></Cell>
<Cell><Data ss:Type="String"></Data></Cell>
</Row>
<Row>
<Cell><Data ss:Type="String">NotEquals11</Data></Cell>
<Cell><Data ss:Type="String">NotEqual</Data></Cell>
<Cell><Data ss:Type="String">11</Data></Cell>
<Cell><Data ss:Type="String"></Data></Cell>
</Row>
<Row>
<Cell><Data ss:Type="String">NotEquals12</Data></Cell>
<Cell><Data ss:Type="String">NotEqual</Data></Cell>
<Cell><Data ss:Type="String">12</Data></Cell>
<Cell><Data ss:Type="String"></Data></Cell>
</Row>
<Row>
<Cell><Data ss:Type="String">NotEquals13</Data></Cell>
<Cell><Data ss:Type="String">NotEqual</Data></Cell>
<Cell><Data ss:Type="String">13</Data></Cell>
<Cell><Data ss:Type="String"></Data></Cell>
</Row>
<Row>
<Cell><Data ss:Type="String">NotEquals14</Data></Cell>
<Cell><Data ss:Type="String">NotEqual</Data></Cell>
<Cell><Data ss:Type="String">14</Data></Cell>
<Cell><Data ss:Type="String"></Data></Cell>
</Row>
<Row>
<Cell><Data ss:Type="String">NotEquals15</Data></Cell>
<Cell><Data ss:Type="String">NotEqual</Data></Cell>
<Cell><Data ss:Type="String">15</Data></Cell>
<Cell><Data ss:Type="String"></Data></Cell>
</Row>
<Row>
<Cell><Data ss:Type="String">NotEquals16</Data></Cell>
<Cell><Data ss:Type="String">NotEqual</Data></Cell>
<Cell><Data ss:Type="String">16</Data></Cell>
<Cell><Data ss:Type="String"></Data></Cell>
</Row>
<Row>
<Cell><Data ss:Type="String">NotEquals17</Data></Cell>
<Cell><Data ss:Type="String">NotEqual</Data></Cell>
<Cell><Data ss:Type="String">17</Data></Cell>
<Cell><Data ss:Type="String"></Data></Cell>
</Row>
<Row>
<Cell><Data ss:Type="String">NotEquals18</Data></Cell>
<Cell><Data ss:Type="String">NotEqual</Data></Cell>
<Cell><Data ss:Type="String">18</Data></Cell>
<Cell><Data ss:Type="String"></Data></Cell>
</Row>
<Row>
<Cell><Data ss:Type="String">NotEquals19</Data></Cell>
<Cell><Data ss:Type="String">NotEqual</Data></Cell>
<Cell><Data ss:Type="String">19</Data></Cell>
<Cell><Data ss:Type="String"></Data></Cell>
</Row>
<Row>
<Cell><Data ss:Type="String">NotEquals20</Data></Cell>
<Cell><Data ss:Type="String">NotEqual</Data></Cell>
<Cell><Data ss:Type="String">20</Data></Cell>
<Cell><Data ss:Type="String"></Data></Cell>
</Row>
<Row>
<Cell><Data ss:Type="String">AlarmWordBit00</Data></Cell>
<Cell><Data ss:Type="String">BitCompare</Data></Cell>
<Cell><Data ss:Type="String">1</Data></Cell>
<Cell><Data ss:Type="String"></Data></Cell>
</Row>
<Row>
<Cell><Data ss:Type="String">AlarmWordBit01</Data></Cell>
<Cell><Data ss:Type="String">BitCompare</Data></Cell>
<Cell><Data ss:Type="String">2</Data></Cell>
<Cell><Data ss:Type="String"></Data></Cell>
</Row>
<Row>
<Cell><Data ss:Type="String">AlarmWordBit02</Data></Cell>
<Cell><Data ss:Type="String">BitCompare</Data></Cell>
<Cell><Data ss:Type="String">4</Data></Cell>
<Cell><Data ss:Type="String"></Data></Cell>
</Row>
<Row>
<Cell><Data ss:Type="String">AlarmWordBit03</Data></Cell>
<Cell><Data ss:Type="String">BitCompare</Data></Cell>
<Cell><Data ss:Type="String">8</Data></Cell>
<Cell><Data ss:Type="String"></Data></Cell>
</Row>
<Row>
<Cell><Data ss:Type="String">AlarmWordBit04</Data></Cell>
<Cell><Data ss:Type="String">BitCompare</Data></Cell>
<Cell><Data ss:Type="String">16</Data></Cell>
<Cell><Data ss:Type="String"></Data></Cell>
</Row>
<Row>
<Cell><Data ss:Type="String">AlarmWordBit05</Data></Cell>
<Cell><Data ss:Type="String">BitCompare</Data></Cell>
<Cell><Data ss:Type="String">32</Data></Cell>
<Cell><Data ss:Type="String"></Data></Cell>
</Row>
<Row>
<Cell><Data ss:Type="String">AlarmWordBit06</Data></Cell>
<Cell><Data ss:Type="String">BitCompare</Data></Cell>
<Cell><Data ss:Type="String">64</Data></Cell>
<Cell><Data ss:Type="String"></Data></Cell>
</Row>
<Row>
<Cell><Data ss:Type="String">AlarmWordBit07</Data></Cell>
<Cell><Data ss:Type="String">BitCompare</Data></Cell>
<Cell><Data ss:Type="String">128</Data></Cell>
<Cell><Data ss:Type="String"></Data></Cell>
</Row>
<Row>
<Cell><Data ss:Type="String">AlarmWordBit08</Data></Cell>
<Cell><Data ss:Type="String">BitCompare</Data></Cell>
<Cell><Data ss:Type="String">256</Data></Cell>
<Cell><Data ss:Type="String"></Data></Cell>
</Row>
<Row>
<Cell><Data ss:Type="String">AlarmWordBit09</Data></Cell>
<Cell><Data ss:Type="String">BitCompare</Data></Cell>
<Cell><Data ss:Type="String">512</Data></Cell>
<Cell><Data ss:Type="String"></Data></Cell>
</Row>
<Row>
<Cell><Data ss:Type="String">AlarmWordBit10</Data></Cell>
<Cell><Data ss:Type="String">BitCompare</Data></Cell>
<Cell><Data ss:Type="String">1024</Data></Cell>
<Cell><Data ss:Type="String"></Data></Cell>
</Row>
<Row>
<Cell><Data ss:Type="String">AlarmWordBit11</Data></Cell>
<Cell><Data ss:Type="String">BitCompare</Data></Cell>
<Cell><Data ss:Type="String">2048</Data></Cell>
<Cell><Data ss:Type="String"></Data></Cell>
</Row>
<Row>
<Cell><Data ss:Type="String">AlarmWordBit12</Data></Cell>
<Cell><Data ss:Type="String">BitCompare</Data></Cell>
<Cell><Data ss:Type="String">4096</Data></Cell>
<Cell><Data ss:Type="String"></Data></Cell>
</Row>
<Row>
<Cell><Data ss:Type="String">AlarmWordBit13</Data></Cell>
<Cell><Data ss:Type="String">BitCompare</Data></Cell>
<Cell><Data ss:Type="String">8192</Data></Cell>
<Cell><Data ss:Type="String"></Data></Cell>
</Row>
<Row>
<Cell><Data ss:Type="String">AlarmWordBit14</Data></Cell>
<Cell><Data ss:Type="String">BitCompare</Data></Cell>
<Cell><Data ss:Type="String">16384</Data></Cell>
<Cell><Data ss:Type="String"></Data></Cell>
</Row>
<Row>
<Cell><Data ss:Type="String">AlarmWordBit15</Data></Cell>
<Cell><Data ss:Type="String">BitCompare</Data></Cell>
<Cell><Data ss:Type="String">32768</Data></Cell>
<Cell><Data ss:Type="String"></Data></Cell>
</Row>
<Row>
<Cell><Data ss:Type="String">AlarmWordBit16</Data></Cell>
<Cell><Data ss:Type="String">BitCompare</Data></Cell>
<Cell><Data ss:Type="String">65536</Data></Cell>
<Cell><Data ss:Type="String"></Data></Cell>
</Row>
<Row>
<Cell><Data ss:Type="String">AlarmWordBit17</Data></Cell>
<Cell><Data ss:Type="String">BitCompare</Data></Cell>
<Cell><Data ss:Type="String">131072</Data></Cell>
<Cell><Data ss:Type="String"></Data></Cell>
</Row>
<Row>
<Cell><Data ss:Type="String">AlarmWordBit18</Data></Cell>
<Cell><Data ss:Type="String">BitCompare</Data></Cell>
<Cell><Data ss:Type="String">262144</Data></Cell>
<Cell><Data ss:Type="String"></Data></Cell>
</Row>
<Row>
<Cell><Data ss:Type="String">AlarmWordBit19</Data></Cell>
<Cell><Data ss:Type="String">BitCompare</Data></Cell>
<Cell><Data ss:Type="String">524288</Data></Cell>
<Cell><Data ss:Type="String"></Data></Cell>
</Row>
<Row>
<Cell><Data ss:Type="String">AlarmWordBit20</Data></Cell>
<Cell><Data ss:Type="String">BitCompare</Data></Cell>
<Cell><Data ss:Type="String">1048576</Data></Cell>
<Cell><Data ss:Type="String"></Data></Cell>
</Row>
<Row>
<Cell><Data ss:Type="String">AlarmWordBit21</Data></Cell>
<Cell><Data ss:Type="String">BitCompare</Data></Cell>
<Cell><Data ss:Type="String">2097152</Data></Cell>
<Cell><Data ss:Type="String"></Data></Cell>
</Row>
<Row>
<Cell><Data ss:Type="String">AlarmWordBit22</Data></Cell>
<Cell><Data ss:Type="String">BitCompare</Data></Cell>
<Cell><Data ss:Type="String">4194304</Data></Cell>
<Cell><Data ss:Type="String"></Data></Cell>
</Row>
<Row>
<Cell><Data ss:Type="String">AlarmWordBit23</Data></Cell>
<Cell><Data ss:Type="String">BitCompare</Data></Cell>
<Cell><Data ss:Type="String">8388608</Data></Cell>
<Cell><Data ss:Type="String"></Data></Cell>
</Row>
<Row>
<Cell><Data ss:Type="String">AlarmWordBit24</Data></Cell>
<Cell><Data ss:Type="String">BitCompare</Data></Cell>
<Cell><Data ss:Type="String">16777216</Data></Cell>
<Cell><Data ss:Type="String"></Data></Cell>
</Row>
<Row>
<Cell><Data ss:Type="String">AlarmWordBit25</Data></Cell>
<Cell><Data ss:Type="String">BitCompare</Data></Cell>
<Cell><Data ss:Type="String">33554432</Data></Cell>
<Cell><Data ss:Type="String"></Data></Cell>
</Row>
<Row>
<Cell><Data ss:Type="String">AlarmWordBit26</Data></Cell>
<Cell><Data ss:Type="String">BitCompare</Data></Cell>
<Cell><Data ss:Type="String">67108864</Data></Cell>
<Cell><Data ss:Type="String"></Data></Cell>
</Row>
<Row>
<Cell><Data ss:Type="String">AlarmWordBit27</Data></Cell>
<Cell><Data ss:Type="String">BitCompare</Data></Cell>
<Cell><Data ss:Type="String">134217728</Data></Cell>
<Cell><Data ss:Type="String"></Data></Cell>
</Row>
<Row>
<Cell><Data ss:Type="String">AlarmWordBit28</Data></Cell>
<Cell><Data ss:Type="String">BitCompare</Data></Cell>
<Cell><Data ss:Type="String">268435456</Data></Cell>
<Cell><Data ss:Type="String"></Data></Cell>
</Row>
<Row>
<Cell><Data ss:Type="String">AlarmWordBit29</Data></Cell>
<Cell><Data ss:Type="String">BitCompare</Data></Cell>
<Cell><Data ss:Type="String">536870912</Data></Cell>
<Cell><Data ss:Type="String"></Data></Cell>
</Row>
<Row>
<Cell><Data ss:Type="String">AlarmWordBit30</Data></Cell>
<Cell><Data ss:Type="String">BitCompare</Data></Cell>
<Cell><Data ss:Type="String">1073741824</Data></Cell>
<Cell><Data ss:Type="String"></Data></Cell>
</Row>
<Row>
<Cell><Data ss:Type="String">AlarmWordBit31</Data></Cell>
<Cell><Data ss:Type="String">BitCompare</Data></Cell>
<Cell><Data ss:Type="String">2147483648</Data></Cell>
<Cell><Data ss:Type="String"></Data></Cell>
</Row>
</Table>
<WorksheetOptions xmlns="urn:schemas-microsoft-com:office:excel">
<Unsynced/>
<Print>
<ValidPrinterInfo/>
<PaperSizeIndex>9</PaperSizeIndex>
<HorizontalResolution>600</HorizontalResolution>
<VerticalResolution>300</VerticalResolution>
</Print>
<Selected/>
<TopRowVisible>0</TopRowVisible>
<ProtectObjects>False</ProtectObjects>
<ProtectScenarios>False</ProtectScenarios>
</WorksheetOptions>
</Worksheet>
</Workbook>



