<CustomSignals>
  <SignalCalculatorGroups>
    <SignalCalculatorGroup Name="HW_SRV_ESX01">
      <SignalCalculators>
        <SignalCalculator Name="HW_SRV_ESX01" Calculator="ESX" PublishAsState="false" />
      </SignalCalculators>
      <Signals>
        <Signal Name="HW_SRV-ESX01_SIGNAL_1" CalculatorSignal="1" AliveSignal="Alive_hwmonitor" />
        <Signal Name="HW_SRV-ESX01_SIGNAL_2" CalculatorSignal="2" AliveSignal="Alive_hwmonitor" />
        <Signal Name="HW_SRV-ESX01_SIGNAL_3" CalculatorSignal="3" AliveSignal="Alive_hwmonitor" />
        <Signal Name="HW_SRV-ESX01_SIGNAL_4" CalculatorSignal="4" AliveSignal="Alive_hwmonitor" />
        <Signal Name="HW_SRV-ESX01_SIGNAL_5" CalculatorSignal="5" AliveSignal="Alive_hwmonitor" />
        <Signal Name="HW_SRV-ESX01_SIGNAL_6" CalculatorSignal="6" AliveSignal="Alive_hwmonitor" />
        <Signal Name="HW_SRV-ESX01_SIGNAL_7" CalculatorSignal="7" AliveSignal="Alive_hwmonitor" />
        <Signal Name="HW_SRV-ESX01_SIGNAL_8" CalculatorSignal="8" AliveSignal="Alive_hwmonitor" />
        <Signal Name="HW_SRV-ESX01_SIGNAL_9" CalculatorSignal="9" AliveSignal="Alive_hwmonitor" />
        <Signal Name="HW_SRV-ESX01_SIGNAL_10" CalculatorSignal="10" AliveSignal="Alive_hwmonitor" />
        <Signal Name="HW_SRV-ESX01_SIGNAL_11" CalculatorSignal="11" AliveSignal="Alive_hwmonitor" />
        <Signal Name="HW_SRV-ESX01_SIGNAL_12" CalculatorSignal="12" AliveSignal="Alive_hwmonitor" />
        <Signal Name="HW_SRV-ESX01_SIGNAL_13" CalculatorSignal="13" AliveSignal="Alive_hwmonitor" />
        <Signal Name="HW_SRV-ESX01_SIGNAL_14" CalculatorSignal="14" AliveSignal="Alive_hwmonitor" />
        <Signal Name="HW_SRV-ESX01_SIGNAL_15" CalculatorSignal="15" AliveSignal="Alive_hwmonitor" />
        <Signal Name="HW_SRV-ESX01_SIGNAL_16" CalculatorSignal="16" AliveSignal="Alive_hwmonitor" />
        <Signal Name="HW_SRV-ESX01_SIGNAL_17" CalculatorSignal="17" AliveSignal="Alive_hwmonitor" />
        <Signal Name="HW_SRV-ESX01_SIGNAL_18" CalculatorSignal="18" AliveSignal="Alive_hwmonitor" />
        <Signal Name="HW_SRV-ESX01_SIGNAL_19" CalculatorSignal="19" AliveSignal="Alive_hwmonitor" />
        <Signal Name="HW_SRV-ESX01_SIGNAL_20" CalculatorSignal="20" AliveSignal="Alive_hwmonitor" />
      </Signals>
    </SignalCalculatorGroup>
    <SignalCalculatorGroup Name="HW_LAN_MDF_01">
      <SignalCalculators>
        <SignalCalculator Name="HW_LAN_MDF_01" Calculator="LAN" PublishAsState="false" />
      </SignalCalculators>
      <Signals>
        <Signal Name="HW_LAN-MDF-01_SIGNAL_1" CalculatorSignal="1" AliveSignal="Alive_hwmonitor" />
      </Signals>
    </SignalCalculatorGroup>
    <SignalCalculatorGroup Name="HW_LAN_SDF_01">
      <SignalCalculators>
        <SignalCalculator Name="HW_LAN_SDF_01" Calculator="LAN" PublishAsState="false" />
      </SignalCalculators>
      <Signals>
        <Signal Name="HW_LAN-SDF-01_SIGNAL_1" CalculatorSignal="1" AliveSignal="Alive_hwmonitor" />
      </Signals>
    </SignalCalculatorGroup>
    <SignalCalculatorGroup Name="HW_LAN_SDF_02">
      <SignalCalculators>
        <SignalCalculator Name="HW_LAN_SDF_02" Calculator="LAN" PublishAsState="false" />
      </SignalCalculators>
      <Signals>
        <Signal Name="HW_LAN-SDF-02_SIGNAL_1" CalculatorSignal="1" AliveSignal="Alive_hwmonitor" />
      </Signals>
    </SignalCalculatorGroup>
    <SignalCalculatorGroup Name="HW_SRV_DOM01">
      <SignalCalculators>
        <SignalCalculator Name="HW_SRV_DOM01" Calculator="SRV" PublishAsState="false" />
        <SignalCalculator Name="HW_SRV_DOM01_C" Calculator="SRV_C" PublishAsState="false" />
        <SignalCalculator Name="HW_SRV_DOM01_D" Calculator="SRV_D" PublishAsState="false" />
        <SignalCalculator Name="HW_SRV_DOM01_E" Calculator="SRV_E" PublishAsState="false" />
        <SignalCalculator Name="HW_SRV_DOM01_F" Calculator="SRV_F" PublishAsState="false" />
        <SignalCalculator Name="HW_SRV_DOM01_G" Calculator="SRV_G" PublishAsState="false" />
        <SignalCalculator Name="HW_SRV_DOM01_H" Calculator="SRV_H" PublishAsState="false" />
        <SignalCalculator Name="HW_SRV_DOM01_I" Calculator="SRV_I" PublishAsState="false" />
        <SignalCalculator Name="HW_SRV_DOM01_J" Calculator="SRV_J" PublishAsState="false" />
      </SignalCalculators>
      <Signals>
        <Signal Name="HW_SRV-DOM01_SIGNAL_1" CalculatorSignal="1" AliveSignal="Alive_hwmonitor" />
        <Signal Name="HW_SRV-DOM01_SIGNAL_2" CalculatorSignal="2" AliveSignal="Alive_hwmonitor" />
        <Signal Name="HW_SRV-DOM01_SIGNAL_3" CalculatorSignal="3" AliveSignal="Alive_hwmonitor" />
        <Signal Name="HW_SRV-DOM01_C_SIGNAL_4" CalculatorSignal="4" AliveSignal="Alive_hwmonitor" />
        <Signal Name="HW_SRV-DOM01_D_SIGNAL_5" CalculatorSignal="5" AliveSignal="Alive_hwmonitor" />
        <Signal Name="HW_SRV-DOM01_E_SIGNAL_6" CalculatorSignal="6" AliveSignal="Alive_hwmonitor" />
        <Signal Name="HW_SRV-DOM01_F_SIGNAL_7" CalculatorSignal="7" AliveSignal="Alive_hwmonitor" />
        <Signal Name="HW_SRV-DOM01_G_SIGNAL_8" CalculatorSignal="8" AliveSignal="Alive_hwmonitor" />
        <Signal Name="HW_SRV-DOM01_H_SIGNAL_9" CalculatorSignal="9" AliveSignal="Alive_hwmonitor" />
        <Signal Name="HW_SRV-DOM01_I_SIGNAL_10" CalculatorSignal="10" AliveSignal="Alive_hwmonitor" />
        <Signal Name="HW_SRV-DOM01_J_SIGNAL_11" CalculatorSignal="11" AliveSignal="Alive_hwmonitor" />
        <Signal Name="HW_SRV-DOM01_SIGNAL_12" CalculatorSignal="12" AliveSignal="Alive_hwmonitor" />
      </Signals>
    </SignalCalculatorGroup>
    <SignalCalculatorGroup Name="HW_SRV_DOM02">
      <SignalCalculators>
        <SignalCalculator Name="HW_SRV_DOM02" Calculator="SRV" PublishAsState="false" />
        <SignalCalculator Name="HW_SRV_DOM02_C" Calculator="SRV_C" PublishAsState="false" />
        <SignalCalculator Name="HW_SRV_DOM02_D" Calculator="SRV_D" PublishAsState="false" />
        <SignalCalculator Name="HW_SRV_DOM02_E" Calculator="SRV_E" PublishAsState="false" />
        <SignalCalculator Name="HW_SRV_DOM02_F" Calculator="SRV_F" PublishAsState="false" />
        <SignalCalculator Name="HW_SRV_DOM02_G" Calculator="SRV_G" PublishAsState="false" />
        <SignalCalculator Name="HW_SRV_DOM02_H" Calculator="SRV_H" PublishAsState="false" />
        <SignalCalculator Name="HW_SRV_DOM02_I" Calculator="SRV_I" PublishAsState="false" />
        <SignalCalculator Name="HW_SRV_DOM02_J" Calculator="SRV_J" PublishAsState="false" />
      </SignalCalculators>
      <Signals>
        <Signal Name="HW_SRV-DOM02_SIGNAL_1" CalculatorSignal="1" AliveSignal="Alive_hwmonitor" />
        <Signal Name="HW_SRV-DOM02_SIGNAL_2" CalculatorSignal="2" AliveSignal="Alive_hwmonitor" />
        <Signal Name="HW_SRV-DOM02_SIGNAL_3" CalculatorSignal="3" AliveSignal="Alive_hwmonitor" />
        <Signal Name="HW_SRV-DOM02_C_SIGNAL_4" CalculatorSignal="4" AliveSignal="Alive_hwmonitor" />
        <Signal Name="HW_SRV-DOM02_D_SIGNAL_5" CalculatorSignal="5" AliveSignal="Alive_hwmonitor" />
        <Signal Name="HW_SRV-DOM02_E_SIGNAL_6" CalculatorSignal="6" AliveSignal="Alive_hwmonitor" />
        <Signal Name="HW_SRV-DOM02_F_SIGNAL_7" CalculatorSignal="7" AliveSignal="Alive_hwmonitor" />
        <Signal Name="HW_SRV-DOM02_G_SIGNAL_8" CalculatorSignal="8" AliveSignal="Alive_hwmonitor" />
        <Signal Name="HW_SRV-DOM02_H_SIGNAL_9" CalculatorSignal="9" AliveSignal="Alive_hwmonitor" />
        <Signal Name="HW_SRV-DOM02_I_SIGNAL_10" CalculatorSignal="10" AliveSignal="Alive_hwmonitor" />
        <Signal Name="HW_SRV-DOM02_J_SIGNAL_11" CalculatorSignal="11" AliveSignal="Alive_hwmonitor" />
        <Signal Name="HW_SRV-DOM02_SIGNAL_12" CalculatorSignal="12" AliveSignal="Alive_hwmonitor" />
      </Signals>
    </SignalCalculatorGroup>
    <SignalCalculatorGroup Name="HW_SRV_CSC01">
      <SignalCalculators>
        <SignalCalculator Name="HW_SRV_CSC01" Calculator="SRV" PublishAsState="false" />
        <SignalCalculator Name="HW_SRV_CSC01_C" Calculator="SRV_C" PublishAsState="false" />
        <SignalCalculator Name="HW_SRV_CSC01_D" Calculator="SRV_D" PublishAsState="false" />
        <SignalCalculator Name="HW_SRV_CSC01_E" Calculator="SRV_E" PublishAsState="false" />
        <SignalCalculator Name="HW_SRV_CSC01_F" Calculator="SRV_F" PublishAsState="false" />
        <SignalCalculator Name="HW_SRV_CSC01_G" Calculator="SRV_G" PublishAsState="false" />
        <SignalCalculator Name="HW_SRV_CSC01_H" Calculator="SRV_H" PublishAsState="false" />
        <SignalCalculator Name="HW_SRV_CSC01_I" Calculator="SRV_I" PublishAsState="false" />
        <SignalCalculator Name="HW_SRV_CSC01_J" Calculator="SRV_J" PublishAsState="false" />
      </SignalCalculators>
      <Signals>
        <Signal Name="HW_SRV-CSC01_SIGNAL_1" CalculatorSignal="1" AliveSignal="Alive_hwmonitor" />
        <Signal Name="HW_SRV-CSC01_SIGNAL_2" CalculatorSignal="2" AliveSignal="Alive_hwmonitor" />
        <Signal Name="HW_SRV-CSC01_SIGNAL_3" CalculatorSignal="3" AliveSignal="Alive_hwmonitor" />
        <Signal Name="HW_SRV-CSC01_C_SIGNAL_4" CalculatorSignal="4" AliveSignal="Alive_hwmonitor" />
        <Signal Name="HW_SRV-CSC01_D_SIGNAL_5" CalculatorSignal="5" AliveSignal="Alive_hwmonitor" />
        <Signal Name="HW_SRV-CSC01_E_SIGNAL_6" CalculatorSignal="6" AliveSignal="Alive_hwmonitor" />
        <Signal Name="HW_SRV-CSC01_F_SIGNAL_7" CalculatorSignal="7" AliveSignal="Alive_hwmonitor" />
        <Signal Name="HW_SRV-CSC01_G_SIGNAL_8" CalculatorSignal="8" AliveSignal="Alive_hwmonitor" />
        <Signal Name="HW_SRV-CSC01_H_SIGNAL_9" CalculatorSignal="9" AliveSignal="Alive_hwmonitor" />
        <Signal Name="HW_SRV-CSC01_I_SIGNAL_10" CalculatorSignal="10" AliveSignal="Alive_hwmonitor" />
        <Signal Name="HW_SRV-CSC01_J_SIGNAL_11" CalculatorSignal="11" AliveSignal="Alive_hwmonitor" />
        <Signal Name="HW_SRV-CSC01_SIGNAL_12" CalculatorSignal="12" AliveSignal="Alive_hwmonitor" />
      </Signals>
    </SignalCalculatorGroup>
    <SignalCalculatorGroup Name="HW_SRV_SCAE01">
      <SignalCalculators>
        <SignalCalculator Name="HW_SRV_SCAE01" Calculator="SRV" PublishAsState="false" />
        <SignalCalculator Name="HW_SRV_SCAE01_C" Calculator="SRV_C" PublishAsState="false" />
        <SignalCalculator Name="HW_SRV_SCAE01_D" Calculator="SRV_D" PublishAsState="false" />
        <SignalCalculator Name="HW_SRV_SCAE01_E" Calculator="SRV_E" PublishAsState="false" />
        <SignalCalculator Name="HW_SRV_SCAE01_F" Calculator="SRV_F" PublishAsState="false" />
        <SignalCalculator Name="HW_SRV_SCAE01_G" Calculator="SRV_G" PublishAsState="false" />
        <SignalCalculator Name="HW_SRV_SCAE01_H" Calculator="SRV_H" PublishAsState="false" />
        <SignalCalculator Name="HW_SRV_SCAE01_I" Calculator="SRV_I" PublishAsState="false" />
        <SignalCalculator Name="HW_SRV_SCAE01_J" Calculator="SRV_J" PublishAsState="false" />
      </SignalCalculators>
      <Signals>
        <Signal Name="HW_SRV-SCAE01_SIGNAL_1" CalculatorSignal="1" AliveSignal="Alive_hwmonitor" />
        <Signal Name="HW_SRV-SCAE01_SIGNAL_2" CalculatorSignal="2" AliveSignal="Alive_hwmonitor" />
        <Signal Name="HW_SRV-SCAE01_SIGNAL_3" CalculatorSignal="3" AliveSignal="Alive_hwmonitor" />
        <Signal Name="HW_SRV-SCAE01_C_SIGNAL_4" CalculatorSignal="4" AliveSignal="Alive_hwmonitor" />
        <Signal Name="HW_SRV-SCAE01_D_SIGNAL_5" CalculatorSignal="5" AliveSignal="Alive_hwmonitor" />
        <Signal Name="HW_SRV-SCAE01_E_SIGNAL_6" CalculatorSignal="6" AliveSignal="Alive_hwmonitor" />
        <Signal Name="HW_SRV-SCAE01_F_SIGNAL_7" CalculatorSignal="7" AliveSignal="Alive_hwmonitor" />
        <Signal Name="HW_SRV-SCAE01_G_SIGNAL_8" CalculatorSignal="8" AliveSignal="Alive_hwmonitor" />
        <Signal Name="HW_SRV-SCAE01_H_SIGNAL_9" CalculatorSignal="9" AliveSignal="Alive_hwmonitor" />
        <Signal Name="HW_SRV-SCAE01_I_SIGNAL_10" CalculatorSignal="10" AliveSignal="Alive_hwmonitor" />
        <Signal Name="HW_SRV-SCAE01_J_SIGNAL_11" CalculatorSignal="11" AliveSignal="Alive_hwmonitor" />
        <Signal Name="HW_SRV-SCAE01_SIGNAL_12" CalculatorSignal="12" AliveSignal="Alive_hwmonitor" />
      </Signals>
    </SignalCalculatorGroup>
    <SignalCalculatorGroup Name="HW_SRV_ILO_ESX01_ESX01">
      <SignalCalculators>
        <SignalCalculator Name="HW_SRV_ILO_ESX01_ESX01" Calculator="ILO" PublishAsState="false" />
        <SignalCalculator Name="HW_SRV_ILO_ESX01_ESX01_PSU_1" Calculator="ILO_PSU_1" PublishAsState="false" />
        <SignalCalculator Name="HW_SRV_ILO_ESX01_ESX01_PSU_2" Calculator="ILO_PSU_2" PublishAsState="false" />
        <SignalCalculator Name="HW_SRV_ILO_ESX01_ESX01_HDD_1" Calculator="ILO_HDD_1" PublishAsState="false" />
        <SignalCalculator Name="HW_SRV_ILO_ESX01_ESX01_HDD_2" Calculator="ILO_HDD_2" PublishAsState="false" />
        <SignalCalculator Name="HW_SRV_ILO_ESX01_ESX01_HDD_3" Calculator="ILO_HDD_3" PublishAsState="false" />
        <SignalCalculator Name="HW_SRV_ILO_ESX01_ESX01_CPU" Calculator="ILO_CPU" PublishAsState="false" />
        <SignalCalculator Name="HW_SRV_ILO_ESX01_ESX01_BATTERY" Calculator="ILO_BATTERY" PublishAsState="false" />
        <SignalCalculator Name="HW_SRV_ILO_ESX01_ESX01_NIC" Calculator="ILO_NIC" PublishAsState="false" />
        <SignalCalculator Name="HW_SRV_ILO_ESX01_ESX01_MEMORY" Calculator="ILO_MEMORY" PublishAsState="false" />
        <SignalCalculator Name="HW_SRV_ILO_ESX01_ESX01_FAN" Calculator="ILO_FAN" PublishAsState="false" />
      </SignalCalculators>
      <Signals>
        <Signal Name="HW_SRV-ILO-ESX01_ESX01_SIGNAL_1" CalculatorSignal="1" AliveSignal="Alive_hwmonitor" />
        <Signal Name="HW_SRV-ILO-ESX01_ESX01_PSU_1_SIGNAL_2" CalculatorSignal="2" AliveSignal="Alive_hwmonitor" />
        <Signal Name="HW_SRV-ILO-ESX01_ESX01_PSU_2_SIGNAL_3" CalculatorSignal="3" AliveSignal="Alive_hwmonitor" />
        <Signal Name="HW_SRV-ILO-ESX01_ESX01_HDD_1_SIGNAL_4" CalculatorSignal="4" AliveSignal="Alive_hwmonitor" />
        <Signal Name="HW_SRV-ILO-ESX01_ESX01_HDD_2_SIGNAL_5" CalculatorSignal="5" AliveSignal="Alive_hwmonitor" />
        <Signal Name="HW_SRV-ILO-ESX01_ESX01_HDD_3_SIGNAL_6" CalculatorSignal="6" AliveSignal="Alive_hwmonitor" />
        <Signal Name="HW_SRV-ILO-ESX01_ESX01_CPU_SIGNAL_7" CalculatorSignal="7" AliveSignal="Alive_hwmonitor" />
        <Signal Name="HW_SRV-ILO-ESX01_ESX01_BATTERY_SIGNAL_8" CalculatorSignal="8" AliveSignal="Alive_hwmonitor" />
        <Signal Name="HW_SRV-ILO-ESX01_ESX01_NIC_SIGNAL_9" CalculatorSignal="9" AliveSignal="Alive_hwmonitor" />
        <Signal Name="HW_SRV-ILO-ESX01_ESX01_MEMORY_SIGNAL_10" CalculatorSignal="10" AliveSignal="Alive_hwmonitor" />
        <Signal Name="HW_SRV-ILO-ESX01_ESX01_FAN_SIGNAL_11" CalculatorSignal="11" AliveSignal="Alive_hwmonitor" />
      </Signals>
    </SignalCalculatorGroup>
    <SignalCalculatorGroup Name="HW_SRV_ILO_COLD_COLD">
      <SignalCalculators>
        <SignalCalculator Name="HW_SRV_ILO_COLD_COLD" Calculator="ILO" PublishAsState="false" />
        <SignalCalculator Name="HW_SRV_ILO_COLD_COLD_PSU_1" Calculator="ILO_PSU_1" PublishAsState="false" />
        <SignalCalculator Name="HW_SRV_ILO_COLD_COLD_PSU_2" Calculator="ILO_PSU_2" PublishAsState="false" />
        <SignalCalculator Name="HW_SRV_ILO_COLD_COLD_HDD_1" Calculator="ILO_HDD_1" PublishAsState="false" />
        <SignalCalculator Name="HW_SRV_ILO_COLD_COLD_HDD_2" Calculator="ILO_HDD_2" PublishAsState="false" />
        <SignalCalculator Name="HW_SRV_ILO_COLD_COLD_HDD_3" Calculator="ILO_HDD_3" PublishAsState="false" />
        <SignalCalculator Name="HW_SRV_ILO_COLD_COLD_CPU" Calculator="ILO_CPU" PublishAsState="false" />
        <SignalCalculator Name="HW_SRV_ILO_COLD_COLD_BATTERY" Calculator="ILO_BATTERY" PublishAsState="false" />
        <SignalCalculator Name="HW_SRV_ILO_COLD_COLD_NIC" Calculator="ILO_NIC" PublishAsState="false" />
        <SignalCalculator Name="HW_SRV_ILO_COLD_COLD_MEMORY" Calculator="ILO_MEMORY" PublishAsState="false" />
        <SignalCalculator Name="HW_SRV_ILO_COLD_COLD_FAN" Calculator="ILO_FAN" PublishAsState="false" />
      </SignalCalculators>
      <Signals>
        <Signal Name="HW_SRV-ILO-COLD_COLD_SIGNAL_1" CalculatorSignal="1" AliveSignal="Alive_hwmonitor" />
        <Signal Name="HW_SRV-ILO-COLD_COLD_PSU_1_SIGNAL_2" CalculatorSignal="2" AliveSignal="Alive_hwmonitor" />
        <Signal Name="HW_SRV-ILO-COLD_COLD_PSU_2_SIGNAL_3" CalculatorSignal="3" AliveSignal="Alive_hwmonitor" />
        <Signal Name="HW_SRV-ILO-COLD_COLD_HDD_1_SIGNAL_4" CalculatorSignal="4" AliveSignal="Alive_hwmonitor" />
        <Signal Name="HW_SRV-ILO-COLD_COLD_HDD_2_SIGNAL_5" CalculatorSignal="5" AliveSignal="Alive_hwmonitor" />
        <Signal Name="HW_SRV-ILO-COLD_COLD_HDD_3_SIGNAL_6" CalculatorSignal="6" AliveSignal="Alive_hwmonitor" />
        <Signal Name="HW_SRV-ILO-COLD_COLD_CPU_SIGNAL_7" CalculatorSignal="7" AliveSignal="Alive_hwmonitor" />
        <Signal Name="HW_SRV-ILO-COLD_COLD_BATTERY_SIGNAL_8" CalculatorSignal="8" AliveSignal="Alive_hwmonitor" />
        <Signal Name="HW_SRV-ILO-COLD_COLD_NIC_SIGNAL_9" CalculatorSignal="9" AliveSignal="Alive_hwmonitor" />
        <Signal Name="HW_SRV-ILO-COLD_COLD_MEMORY_SIGNAL_10" CalculatorSignal="10" AliveSignal="Alive_hwmonitor" />
        <Signal Name="HW_SRV-ILO-COLD_COLD_FAN_SIGNAL_11" CalculatorSignal="11" AliveSignal="Alive_hwmonitor" />
      </Signals>
    </SignalCalculatorGroup>
    <SignalCalculatorGroup Name="HW_AcronisESX01">
      <SignalCalculators>
        <SignalCalculator Name="HW_AcronisESX01" Calculator="VM" PublishAsState="false" />
      </SignalCalculators>
      <Signals>
        <Signal Name="HW_ACRONISESX01_SIGNAL_1" CalculatorSignal="1" AliveSignal="Alive_hwmonitor" />
      </Signals>
    </SignalCalculatorGroup>
    <SignalCalculatorGroup Name="HW_WKS_UTL01">
      <SignalCalculators>
        <SignalCalculator Name="HW_WKS_UTL01" Calculator="UTL" PublishAsState="false" />
        <SignalCalculator Name="HW_WKS_UTL01_C" Calculator="UTL_C" PublishAsState="false" />
        <SignalCalculator Name="HW_WKS_UTL01_D" Calculator="UTL_D" PublishAsState="false" />
        <SignalCalculator Name="HW_WKS_UTL01_E" Calculator="UTL_E" PublishAsState="false" />
        <SignalCalculator Name="HW_WKS_UTL01_F" Calculator="UTL_F" PublishAsState="false" />
        <SignalCalculator Name="HW_WKS_UTL01_G" Calculator="UTL_G" PublishAsState="false" />
        <SignalCalculator Name="HW_WKS_UTL01_H" Calculator="UTL_H" PublishAsState="false" />
        <SignalCalculator Name="HW_WKS_UTL01_I" Calculator="UTL_I" PublishAsState="false" />
        <SignalCalculator Name="HW_WKS_UTL01_J" Calculator="UTL_J" PublishAsState="false" />
        <SignalCalculator Name="HW_WKS_UTL01_HDD_1" Calculator="UTL_HDD_1" PublishAsState="false" />
        <SignalCalculator Name="HW_WKS_UTL01_HDD_2" Calculator="UTL_HDD_2" PublishAsState="false" />
        <SignalCalculator Name="HW_WKS_UTL01_HDD_3" Calculator="UTL_HDD_3" PublishAsState="false" />
        <SignalCalculator Name="HW_WKS_UTL01_HDD_4" Calculator="UTL_HDD_4" PublishAsState="false" />
        <SignalCalculator Name="HW_WKS_UTL01_HDD_5" Calculator="UTL_HDD_5" PublishAsState="false" />
        <SignalCalculator Name="HW_WKS_UTL01_HDD_6" Calculator="UTL_HDD_6" PublishAsState="false" />
        <SignalCalculator Name="HW_WKS_UTL01_HDD_7" Calculator="UTL_HDD_7" PublishAsState="false" />
        <SignalCalculator Name="HW_WKS_UTL01_HDD_8" Calculator="UTL_HDD_8" PublishAsState="false" />
        <SignalCalculator Name="HW_WKS_UTL01_PSU_1" Calculator="UTL_PSU_1" PublishAsState="false" />
        <SignalCalculator Name="HW_WKS_UTL01_PSU_2" Calculator="UTL_PSU_2" PublishAsState="false" />
      </SignalCalculators>
      <Signals>
        <Signal Name="HW_WKS-UTL01_SIGNAL_1" CalculatorSignal="1" AliveSignal="Alive_hwmonitor" />
        <Signal Name="HW_WKS-UTL01_SIGNAL_2" CalculatorSignal="2" AliveSignal="Alive_hwmonitor" />
        <Signal Name="HW_WKS-UTL01_SIGNAL_3" CalculatorSignal="3" AliveSignal="Alive_hwmonitor" />
        <Signal Name="HW_WKS-UTL01_C_SIGNAL_4" CalculatorSignal="4" AliveSignal="Alive_hwmonitor" />
        <Signal Name="HW_WKS-UTL01_D_SIGNAL_5" CalculatorSignal="5" AliveSignal="Alive_hwmonitor" />
        <Signal Name="HW_WKS-UTL01_E_SIGNAL_6" CalculatorSignal="6" AliveSignal="Alive_hwmonitor" />
        <Signal Name="HW_WKS-UTL01_F_SIGNAL_7" CalculatorSignal="7" AliveSignal="Alive_hwmonitor" />
        <Signal Name="HW_WKS-UTL01_G_SIGNAL_8" CalculatorSignal="8" AliveSignal="Alive_hwmonitor" />
        <Signal Name="HW_WKS-UTL01_H_SIGNAL_9" CalculatorSignal="9" AliveSignal="Alive_hwmonitor" />
        <Signal Name="HW_WKS-UTL01_I_SIGNAL_10" CalculatorSignal="10" AliveSignal="Alive_hwmonitor" />
        <Signal Name="HW_WKS-UTL01_J_SIGNAL_11" CalculatorSignal="11" AliveSignal="Alive_hwmonitor" />
        <Signal Name="HW_WKS-UTL01_HDD_1_SIGNAL_12" CalculatorSignal="12" AliveSignal="Alive_hwmonitor" />
        <Signal Name="HW_WKS-UTL01_HDD_2_SIGNAL_13" CalculatorSignal="13" AliveSignal="Alive_hwmonitor" />
        <Signal Name="HW_WKS-UTL01_HDD_3_SIGNAL_14" CalculatorSignal="14" AliveSignal="Alive_hwmonitor" />
        <Signal Name="HW_WKS-UTL01_HDD_4_SIGNAL_15" CalculatorSignal="15" AliveSignal="Alive_hwmonitor" />
        <Signal Name="HW_WKS-UTL01_HDD_5_SIGNAL_16" CalculatorSignal="16" AliveSignal="Alive_hwmonitor" />
        <Signal Name="HW_WKS-UTL01_HDD_6_SIGNAL_17" CalculatorSignal="17" AliveSignal="Alive_hwmonitor" />
        <Signal Name="HW_WKS-UTL01_HDD_7_SIGNAL_18" CalculatorSignal="18" AliveSignal="Alive_hwmonitor" />
        <Signal Name="HW_WKS-UTL01_HDD_8_SIGNAL_19" CalculatorSignal="19" AliveSignal="Alive_hwmonitor" />
        <Signal Name="HW_WKS-UTL01_PSU_1_SIGNAL_20" CalculatorSignal="20" AliveSignal="Alive_hwmonitor" />
        <Signal Name="HW_WKS-UTL01_PSU_2_SIGNAL_21" CalculatorSignal="21" AliveSignal="Alive_hwmonitor" />
      </Signals>
    </SignalCalculatorGroup>
    <SignalCalculatorGroup Name="HW_WKS_CWS01">
      <SignalCalculators>
        <SignalCalculator Name="HW_WKS_CWS01" Calculator="WKS" PublishAsState="false" />
        <SignalCalculator Name="HW_WKS_CWS01_C" Calculator="WKS_C" PublishAsState="false" />
      </SignalCalculators>
      <Signals>
        <Signal Name="HW_WKS-CWS01_SIGNAL_1" CalculatorSignal="1" AliveSignal="Alive_hwmonitor" />
        <Signal Name="HW_WKS-CWS01_C_SIGNAL_2" CalculatorSignal="2" AliveSignal="Alive_hwmonitor" />
      </Signals>
    </SignalCalculatorGroup>
    <SignalCalculatorGroup Name="HW_WKS_CWS02">
      <SignalCalculators>
        <SignalCalculator Name="HW_WKS_CWS02" Calculator="WKS" PublishAsState="false" />
        <SignalCalculator Name="HW_WKS_CWS02_C" Calculator="WKS_C" PublishAsState="false" />
      </SignalCalculators>
      <Signals>
        <Signal Name="HW_WKS-CWS02_SIGNAL_1" CalculatorSignal="1" AliveSignal="Alive_hwmonitor" />
        <Signal Name="HW_WKS-CWS02_C_SIGNAL_2" CalculatorSignal="2" AliveSignal="Alive_hwmonitor" />
      </Signals>
    </SignalCalculatorGroup>
  </SignalCalculatorGroups>
  <Calculators>
    <Calculator Name="ESX" Method="first">
      <checks>
        <check Condition="1[0]" Result="AL1200" ColorState="Unknown" Priority="80" Importance="10" />
        <check Condition="2[0]" Result="AL1201" ColorState="Unknown" Priority="80" Importance="10" />
        <check Condition="3[0]" Result="AL1202" ColorState="Unknown" Priority="80" Importance="10" />
        <check Condition="4[0]" Result="AL1203" ColorState="Unknown" Priority="80" Importance="10" />
        <check Condition="5[0]" Result="AL1204" ColorState="Unknown" Priority="80" Importance="10" />
        <check Condition="6[0]" Result="AL1205" ColorState="Unknown" Priority="80" Importance="10" />
        <check Condition="7[0]" Result="AL1206" ColorState="Unknown" Priority="80" Importance="10" />
        <check Condition="8[0]" Result="AL1207" ColorState="Unknown" Priority="80" Importance="10" />
        <check Condition="9[0]" Result="AL1208" ColorState="Unknown" Priority="80" Importance="10" />
        <check Condition="10[0]" Result="AL1209" ColorState="Unknown" Priority="80" Importance="10" />
        <check Condition="11[0]" Result="AL1210" ColorState="Unknown" Priority="80" Importance="10" />
        <check Condition="12[0]" Result="AL1211" ColorState="Unknown" Priority="80" Importance="10" />
        <check Condition="13[0]" Result="AL1212" ColorState="Unknown" Priority="80" Importance="10" />
        <check Condition="14[0]" Result="AL1213" ColorState="Unknown" Priority="80" Importance="10" />
        <check Condition="15[0]" Result="AL1214" ColorState="Unknown" Priority="80" Importance="10" />
        <check Condition="16[0]" Result="AL1215" ColorState="Unknown" Priority="80" Importance="10" />
        <check Condition="17[0]" Result="AL1216" ColorState="Unknown" Priority="80" Importance="10" />
        <check Condition="18[0]" Result="AL1217" ColorState="Unknown" Priority="80" Importance="10" />
        <check Condition="19[0]" Result="AL1218" ColorState="Unknown" Priority="80" Importance="10" />
        <check Condition="20[0]" Result="AL1219" ColorState="Unknown" Priority="80" Importance="10" />
        <check Condition="!(1[0] || 2[0] || 3[0] || 4[0] || 5[0] || 6[0] || 7[0] || 8[0] || 9[0] || 10[0] || 11[0] || 12[0] || 13[0] || 14[0] || 15[0] || 16[0] || 17[0] || 18[0] || 19[0] || 20[0])" Result="Unknown" ColorState="Unknown" Priority="0" Importance="0" />
      </checks>
    </Calculator>
    <Calculator Name="ILO" Method="first">
      <checks>
        <check Condition="1[0]" Result="AL1225" ColorState="Unknown" Priority="85" Importance="10" />
        <check Condition="2[0]" Result="AL1227#PSU_1" ColorState="Unknown" Priority="80" Importance="10" />
        <check Condition="3[0]" Result="AL1227#PSU_2" ColorState="Unknown" Priority="80" Importance="10" />
        <check Condition="4[0]" Result="AL1231#HDD_1" ColorState="Unknown" Priority="80" Importance="10" />
        <check Condition="5[0]" Result="AL1231#HDD_2" ColorState="Unknown" Priority="80" Importance="10" />
        <check Condition="6[0]" Result="AL1231#HDD_3" ColorState="Unknown" Priority="80" Importance="10" />
        <check Condition="7[0]" Result="AL1236#CPU" ColorState="Unknown" Priority="80" Importance="10" />
        <check Condition="8[0]" Result="AL1237#BATTERY" ColorState="Unknown" Priority="80" Importance="10" />
        <check Condition="9[0]" Result="AL1238#NIC" ColorState="Unknown" Priority="80" Importance="10" />
        <check Condition="10[0]" Result="AL1239#MEMORY" ColorState="Unknown" Priority="80" Importance="10" />
        <check Condition="11[0]" Result="AL1240#FAN" ColorState="Unknown" Priority="80" Importance="10" />
      </checks>
    </Calculator>
    <Calculator Name="ILO_BATTERY" Method="first">
      <checks>
        <check Condition="8[0]" Result="AL1237" ColorState="Unknown" Priority="80" Importance="10" />
      </checks>
    </Calculator>
    <Calculator Name="ILO_CPU" Method="first">
      <checks>
        <check Condition="7[0]" Result="AL1236" ColorState="Unknown" Priority="80" Importance="10" />
      </checks>
    </Calculator>
    <Calculator Name="ILO_FAN" Method="first">
      <checks>
        <check Condition="11[0]" Result="AL1240" ColorState="Unknown" Priority="80" Importance="10" />
      </checks>
    </Calculator>
    <Calculator Name="ILO_HDD_1" Method="first">
      <checks>
        <check Condition="4[0]" Result="AL1231" ColorState="Unknown" Priority="80" Importance="10" />
      </checks>
    </Calculator>
    <Calculator Name="ILO_HDD_2" Method="first">
      <checks>
        <check Condition="5[0]" Result="AL1231" ColorState="Unknown" Priority="80" Importance="10" />
      </checks>
    </Calculator>
    <Calculator Name="ILO_HDD_3" Method="first">
      <checks>
        <check Condition="6[0]" Result="AL1231" ColorState="Unknown" Priority="80" Importance="10" />
      </checks>
    </Calculator>
    <Calculator Name="ILO_MEMORY" Method="first">
      <checks>
        <check Condition="10[0]" Result="AL1239" ColorState="Unknown" Priority="80" Importance="10" />
      </checks>
    </Calculator>
    <Calculator Name="ILO_NIC" Method="first">
      <checks>
        <check Condition="9[0]" Result="AL1238" ColorState="Unknown" Priority="80" Importance="10" />
      </checks>
    </Calculator>
    <Calculator Name="ILO_PSU_1" Method="first">
      <checks>
        <check Condition="2[0]" Result="AL1227" ColorState="Unknown" Priority="80" Importance="10" />
      </checks>
    </Calculator>
    <Calculator Name="ILO_PSU_2" Method="first">
      <checks>
        <check Condition="3[0]" Result="AL1227" ColorState="Unknown" Priority="80" Importance="10" />
      </checks>
    </Calculator>
    <Calculator Name="LAN" Method="first">
      <checks>
        <check Condition="1[0]" Result="AL1225" ColorState="Unknown" Priority="85" Importance="10" />
        <check Condition="!(1[0])" Result="Unknown" ColorState="Unknown" Priority="0" Importance="0" />
      </checks>
    </Calculator>
    <Calculator Name="SRV" Method="first">
      <checks>
        <check Condition="4[0]" Result="AL1224#C" ColorState="Unknown" Priority="100" Importance="10" />
        <check Condition="5[0]" Result="AL1224#D" ColorState="Unknown" Priority="100" Importance="10" />
        <check Condition="6[0]" Result="AL1224#E" ColorState="Unknown" Priority="100" Importance="10" />
        <check Condition="7[0]" Result="AL1224#F" ColorState="Unknown" Priority="100" Importance="10" />
        <check Condition="8[0]" Result="AL1224#G" ColorState="Unknown" Priority="100" Importance="10" />
        <check Condition="9[0]" Result="AL1224#H" ColorState="Unknown" Priority="100" Importance="10" />
        <check Condition="10[0]" Result="AL1224#I" ColorState="Unknown" Priority="100" Importance="10" />
        <check Condition="11[0]" Result="AL1224#J" ColorState="Unknown" Priority="100" Importance="10" />
        <check Condition="3[0]" Result="AL1225" ColorState="Unknown" Priority="85" Importance="10" />
        <check Condition="12[0]" Result="AL1230" ColorState="Unknown" Priority="85" Importance="10" />
        <check Condition="2[0]" Result="AL1222" ColorState="Unknown" Priority="60" Importance="10" />
        <check Condition="1[0]" Result="AL1223" ColorState="Unknown" Priority="60" Importance="10" />
        <check Condition="!(4[0] || 5[0] || 6[0] || 7[0] || 8[0] || 9[0] || 10[0] || 11[0] || 3[0] || 12[0] || 2[0] || 1[0])" Result="Unknown" ColorState="Unknown" Priority="0" Importance="0" />
      </checks>
    </Calculator>
    <Calculator Name="SRV_C" Method="first">
      <checks>
        <check Condition="4[0]" Result="AL1224" ColorState="Unknown" Priority="100" Importance="10" />
        <check Condition="!(4[0])" Result="Unknown" ColorState="Unknown" Priority="0" Importance="0" />
      </checks>
    </Calculator>
    <Calculator Name="SRV_D" Method="first">
      <checks>
        <check Condition="5[0]" Result="AL1224" ColorState="Unknown" Priority="100" Importance="10" />
        <check Condition="!(5[0])" Result="Unknown" ColorState="Unknown" Priority="0" Importance="0" />
      </checks>
    </Calculator>
    <Calculator Name="SRV_E" Method="first">
      <checks>
        <check Condition="6[0]" Result="AL1224" ColorState="Unknown" Priority="100" Importance="10" />
        <check Condition="!(6[0])" Result="Unknown" ColorState="Unknown" Priority="0" Importance="0" />
      </checks>
    </Calculator>
    <Calculator Name="SRV_F" Method="first">
      <checks>
        <check Condition="7[0]" Result="AL1224" ColorState="Unknown" Priority="100" Importance="10" />
        <check Condition="!(7[0])" Result="Unknown" ColorState="Unknown" Priority="0" Importance="0" />
      </checks>
    </Calculator>
    <Calculator Name="SRV_G" Method="first">
      <checks>
        <check Condition="8[0]" Result="AL1224" ColorState="Unknown" Priority="100" Importance="10" />
        <check Condition="!(8[0])" Result="Unknown" ColorState="Unknown" Priority="0" Importance="0" />
      </checks>
    </Calculator>
    <Calculator Name="SRV_H" Method="first">
      <checks>
        <check Condition="9[0]" Result="AL1224" ColorState="Unknown" Priority="100" Importance="10" />
        <check Condition="!(9[0])" Result="Unknown" ColorState="Unknown" Priority="0" Importance="0" />
      </checks>
    </Calculator>
    <Calculator Name="SRV_I" Method="first">
      <checks>
        <check Condition="10[0]" Result="AL1224" ColorState="Unknown" Priority="100" Importance="10" />
        <check Condition="!(10[0])" Result="Unknown" ColorState="Unknown" Priority="0" Importance="0" />
      </checks>
    </Calculator>
    <Calculator Name="SRV_J" Method="first">
      <checks>
        <check Condition="11[0]" Result="AL1224" ColorState="Unknown" Priority="100" Importance="10" />
        <check Condition="!(11[0])" Result="Unknown" ColorState="Unknown" Priority="0" Importance="0" />
      </checks>
    </Calculator>
    <Calculator Name="UTL" Method="first">
      <checks>
        <check Condition="4[0]" Result="AL1224#C" ColorState="Unknown" Priority="100" Importance="10" />
        <check Condition="5[0]" Result="AL1224#D" ColorState="Unknown" Priority="100" Importance="10" />
        <check Condition="6[0]" Result="AL1224#E" ColorState="Unknown" Priority="100" Importance="10" />
        <check Condition="7[0]" Result="AL1224#F" ColorState="Unknown" Priority="100" Importance="10" />
        <check Condition="8[0]" Result="AL1224#G" ColorState="Unknown" Priority="100" Importance="10" />
        <check Condition="9[0]" Result="AL1224#H" ColorState="Unknown" Priority="100" Importance="10" />
        <check Condition="10[0]" Result="AL1224#I" ColorState="Unknown" Priority="100" Importance="10" />
        <check Condition="11[0]" Result="AL1224#J" ColorState="Unknown" Priority="100" Importance="10" />
        <check Condition="3[0]" Result="AL1225" ColorState="Unknown" Priority="85" Importance="10" />
        <check Condition="12[0]" Result="AL1231#HDD_1" ColorState="Unknown" Priority="80" Importance="10" />
        <check Condition="13[0]" Result="AL1231#HDD_2" ColorState="Unknown" Priority="80" Importance="10" />
        <check Condition="14[0]" Result="AL1231#HDD_3" ColorState="Unknown" Priority="80" Importance="10" />
        <check Condition="15[0]" Result="AL1231#HDD_4" ColorState="Unknown" Priority="80" Importance="10" />
        <check Condition="16[0]" Result="AL1231#HDD_5" ColorState="Unknown" Priority="80" Importance="10" />
        <check Condition="17[0]" Result="AL1231#HDD_6" ColorState="Unknown" Priority="80" Importance="10" />
        <check Condition="18[0]" Result="AL1231#HDD_7" ColorState="Unknown" Priority="80" Importance="10" />
        <check Condition="19[0]" Result="AL1231#HDD_8" ColorState="Unknown" Priority="80" Importance="10" />
        <check Condition="20[0]" Result="AL1232#PSU_1" ColorState="Unknown" Priority="80" Importance="10" />
        <check Condition="21[0]" Result="AL1232#PSU_2" ColorState="Unknown" Priority="80" Importance="10" />
        <check Condition="2[0]" Result="AL1222" ColorState="Unknown" Priority="60" Importance="10" />
        <check Condition="1[0]" Result="AL1223" ColorState="Unknown" Priority="60" Importance="10" />
        <check Condition="!(4[0] || 5[0] || 6[0] || 7[0] || 8[0] || 9[0] || 10[0] || 11[0] || 3[0] || 12[0] || 13[0] || 14[0] || 15[0] || 16[0] || 17[0] || 18[0] || 19[0] || 20[0] || 21[0] || 2[0] || 1[0])" Result="Unknown" ColorState="Unknown" Priority="0" Importance="0" />
      </checks>
    </Calculator>
    <Calculator Name="UTL_C" Method="first">
      <checks>
        <check Condition="4[0]" Result="AL1224" ColorState="Unknown" Priority="100" Importance="10" />
        <check Condition="!(4[0])" Result="Unknown" ColorState="Unknown" Priority="0" Importance="0" />
      </checks>
    </Calculator>
    <Calculator Name="UTL_D" Method="first">
      <checks>
        <check Condition="5[0]" Result="AL1224" ColorState="Unknown" Priority="100" Importance="10" />
        <check Condition="!(5[0])" Result="Unknown" ColorState="Unknown" Priority="0" Importance="0" />
      </checks>
    </Calculator>
    <Calculator Name="UTL_E" Method="first">
      <checks>
        <check Condition="6[0]" Result="AL1224" ColorState="Unknown" Priority="100" Importance="10" />
        <check Condition="!(6[0])" Result="Unknown" ColorState="Unknown" Priority="0" Importance="0" />
      </checks>
    </Calculator>
    <Calculator Name="UTL_F" Method="first">
      <checks>
        <check Condition="7[0]" Result="AL1224" ColorState="Unknown" Priority="100" Importance="10" />
        <check Condition="!(7[0])" Result="Unknown" ColorState="Unknown" Priority="0" Importance="0" />
      </checks>
    </Calculator>
    <Calculator Name="UTL_G" Method="first">
      <checks>
        <check Condition="8[0]" Result="AL1224" ColorState="Unknown" Priority="100" Importance="10" />
        <check Condition="!(8[0])" Result="Unknown" ColorState="Unknown" Priority="0" Importance="0" />
      </checks>
    </Calculator>
    <Calculator Name="UTL_H" Method="first">
      <checks>
        <check Condition="9[0]" Result="AL1224" ColorState="Unknown" Priority="100" Importance="10" />
        <check Condition="!(9[0])" Result="Unknown" ColorState="Unknown" Priority="0" Importance="0" />
      </checks>
    </Calculator>
    <Calculator Name="UTL_HDD_1" Method="first">
      <checks>
        <check Condition="12[0]" Result="AL1231" ColorState="Unknown" Priority="80" Importance="10" />
        <check Condition="!(12[0])" Result="Unknown" ColorState="Unknown" Priority="0" Importance="0" />
      </checks>
    </Calculator>
    <Calculator Name="UTL_HDD_2" Method="first">
      <checks>
        <check Condition="13[0]" Result="AL1231" ColorState="Unknown" Priority="80" Importance="10" />
        <check Condition="!(13[0])" Result="Unknown" ColorState="Unknown" Priority="0" Importance="0" />
      </checks>
    </Calculator>
    <Calculator Name="UTL_HDD_3" Method="first">
      <checks>
        <check Condition="14[0]" Result="AL1231" ColorState="Unknown" Priority="80" Importance="10" />
        <check Condition="!(14[0])" Result="Unknown" ColorState="Unknown" Priority="0" Importance="0" />
      </checks>
    </Calculator>
    <Calculator Name="UTL_HDD_4" Method="first">
      <checks>
        <check Condition="15[0]" Result="AL1231" ColorState="Unknown" Priority="80" Importance="10" />
        <check Condition="!(15[0])" Result="Unknown" ColorState="Unknown" Priority="0" Importance="0" />
      </checks>
    </Calculator>
    <Calculator Name="UTL_HDD_5" Method="first">
      <checks>
        <check Condition="16[0]" Result="AL1231" ColorState="Unknown" Priority="80" Importance="10" />
        <check Condition="!(16[0])" Result="Unknown" ColorState="Unknown" Priority="0" Importance="0" />
      </checks>
    </Calculator>
    <Calculator Name="UTL_HDD_6" Method="first">
      <checks>
        <check Condition="17[0]" Result="AL1231" ColorState="Unknown" Priority="80" Importance="10" />
        <check Condition="!(17[0])" Result="Unknown" ColorState="Unknown" Priority="0" Importance="0" />
      </checks>
    </Calculator>
    <Calculator Name="UTL_HDD_7" Method="first">
      <checks>
        <check Condition="18[0]" Result="AL1231" ColorState="Unknown" Priority="80" Importance="10" />
        <check Condition="!(18[0])" Result="Unknown" ColorState="Unknown" Priority="0" Importance="0" />
      </checks>
    </Calculator>
    <Calculator Name="UTL_HDD_8" Method="first">
      <checks>
        <check Condition="19[0]" Result="AL1231" ColorState="Unknown" Priority="80" Importance="10" />
        <check Condition="!(19[0])" Result="Unknown" ColorState="Unknown" Priority="0" Importance="0" />
      </checks>
    </Calculator>
    <Calculator Name="UTL_I" Method="first">
      <checks>
        <check Condition="10[0]" Result="AL1224" ColorState="Unknown" Priority="100" Importance="10" />
        <check Condition="!(10[0])" Result="Unknown" ColorState="Unknown" Priority="0" Importance="0" />
      </checks>
    </Calculator>
    <Calculator Name="UTL_J" Method="first">
      <checks>
        <check Condition="11[0]" Result="AL1224" ColorState="Unknown" Priority="100" Importance="10" />
        <check Condition="!(11[0])" Result="Unknown" ColorState="Unknown" Priority="0" Importance="0" />
      </checks>
    </Calculator>
    <Calculator Name="UTL_PSU_1" Method="first">
      <checks>
        <check Condition="20[0]" Result="AL1232" ColorState="Unknown" Priority="80" Importance="10" />
        <check Condition="!(20[0])" Result="Unknown" ColorState="Unknown" Priority="0" Importance="0" />
      </checks>
    </Calculator>
    <Calculator Name="UTL_PSU_2" Method="first">
      <checks>
        <check Condition="21[0]" Result="AL1232" ColorState="Unknown" Priority="80" Importance="10" />
        <check Condition="!(21[0])" Result="Unknown" ColorState="Unknown" Priority="0" Importance="0" />
      </checks>
    </Calculator>
    <Calculator Name="VM" Method="first">
      <checks>
        <check Condition="1[0]" Result="AL1230" ColorState="Unknown" Priority="85" Importance="10" />
        <check Condition="!(1[0])" Result="Unknown" ColorState="Unknown" Priority="0" Importance="0" />
      </checks>
    </Calculator>
    <Calculator Name="WKS" Method="first">
      <checks>
        <check Condition="2[0]" Result="AL1224#C" ColorState="Unknown" Priority="100" Importance="10" />
        <check Condition="1[0]" Result="AL1225" ColorState="Unknown" Priority="85" Importance="10" />
        <check Condition="!(2[0] || 1[0])" Result="Unknown" ColorState="Unknown" Priority="0" Importance="0" />
      </checks>
    </Calculator>
    <Calculator Name="WKS_C" Method="first">
      <checks>
        <check Condition="2[0]" Result="AL1224" ColorState="Unknown" Priority="100" Importance="10" />
        <check Condition="!(2[0])" Result="Unknown" ColorState="Unknown" Priority="0" Importance="0" />
      </checks>
    </Calculator>
  </Calculators>
</CustomSignals>