<?xml version="1.0" encoding="UTF-8"?>

<alarms>
  <alarm name="AL3056" text="Safe Access has fault" SignalId="FunctionArea.Accessctrl"/>
  <alarm name="AL3057" text="Too many consecutive contour errors" SignalId="FunctionArea.Contour"/>
  <alarm name="AL3058" text="Tote on unmanned contour platform" SignalId="FunctionArea.ContourPlatform"/>
  <alarm name="AL3059" text="Conveyor profibus node disabled" SignalId="FunctionArea.Conveyor"/>
  <alarm name="AL3060" text="Fault on FQ" SignalId="FunctionArea.Conveyor"/>
  <alarm name="AL3061" text="No connection to FQ" SignalId="FunctionArea.Conveyor"/>
  <alarm name="AL3062" text="Motor didn't stop or start as requested" SignalId="FunctionArea.Conveyor"/>
  <alarm name="AL3063" text="Speed detection sensor" SignalId="FunctionArea.Conveyor"/>
  <alarm name="AL3064" text="Bag didn't leave within time window" SignalId="FunctionArea.Conveyor"/>
  <alarm name="AL3065" text="Bag didn't arrive within time window" SignalId="FunctionArea.Conveyor"/>
  <alarm name="AL3066" text="Tote did not reach position" SignalId="FunctionArea.Crosstransfer"/>
  <alarm name="AL3067" text="Position limit reached" SignalId="FunctionArea.Crosstransfer"/>
  <alarm name="AL3068" text="No connection between DP-DP coupler and CMC(s)" SignalId="FunctionArea.DPDPCoupler"/>
  <alarm name="AL3069" text="Contradicting element directions" SignalId="FunctionArea.DeadlockFunction"/>
  <alarm name="AL3070" text="Too many totes in area" SignalId="FunctionArea.DeadlockFunction"/>
  <alarm name="AL3074" text="Contradicting element directions" SignalId="FunctionArea.Element"/>
  <alarm name="AL3076" text="No connection on Item Transfer Channel" SignalId="FunctionArea.Element"/>
  <alarm name="AL3077" text="Safe access open too long time" SignalId="FunctionArea.Element"/>
  <alarm name="AL3079" text="One or more fieldbus nodes on element disabled" SignalId="FunctionArea.Element"/>
  <alarm name="AL3080" text="Tote stopped for too long time on element" SignalId="FunctionArea.Element"/>
  <alarm name="AL3081" text="No connection to I/O module" SignalId="FunctionArea.Element"/>
  <alarm name="AL3082" text="Fault on FQ" SignalId="FunctionArea.Element"/>
  <alarm name="AL3085" text="No connection to FQ" SignalId="FunctionArea.Element"/>
  <alarm name="AL3086" text="Motor didn't start or stop as requested" SignalId="FunctionArea.Element"/>
  <alarm name="AL3087" text="Gap not clear" SignalId="FunctionArea.Element"/>
  <alarm name="AL3088" text="Tote didn't leave within time window" SignalId="FunctionArea.Element"/>
  <alarm name="AL3089" text="Stray tote detected and stopped on element" SignalId="FunctionArea.Element"/>
  <alarm name="AL3090" text="Tote didn't arrive within time window" SignalId="FunctionArea.Element"/>
  <alarm name="AL3091" text="Fault on FQ" SignalId="FunctionArea.Element"/>
  <alarm name="AL3092" text="No connection to FQ" SignalId="FunctionArea.Element"/>
  <alarm name="AL3093" text="Missing sensor signals" SignalId="FunctionArea.Element"/>
  <alarm name="AL3094" text="Pop-up unit timeout" SignalId="FunctionArea.Element"/>
  <alarm name="AL3096" text="Fault on servo" SignalId="FunctionArea.Element"/>
  <alarm name="AL3097" text="Homing of servo not done" SignalId="FunctionArea.Element"/>
  <alarm name="AL3098" text="No connection to servo" SignalId="FunctionArea.Element"/>
  <alarm name="AL3099" text="Servo timeout" SignalId="FunctionArea.Element"/>
  <alarm name="AL3100" text="Error closing the fire door" SignalId="FunctionArea.FireShutter"/>
  <alarm name="AL3101" text="Door closed at limit switch position" SignalId="FunctionArea.FireShutter"/>
  <alarm name="AL3102" text="Fire alarm activated" SignalId="FunctionArea.FireShutter"/>
  <alarm name="AL3103" text="Fire door control faulty" SignalId="FunctionArea.FireShutter"/>
  <alarm name="AL3104" text="Missing main power to fire door" SignalId="FunctionArea.FireShutter"/>
  <alarm name="AL3105" text="Fire door not fully opened" SignalId="FunctionArea.FireShutter"/>
  <alarm name="AL3106" text="Door open or closed faulty" SignalId="FunctionArea.FireShutter"/>
  <alarm name="AL3107" text="Door opened at limit switch position" SignalId="FunctionArea.FireShutter"/>
  <alarm name="AL3108" text="Error opening the door" SignalId="FunctionArea.FireShutter"/>
  <alarm name="AL3109" text="Emergency shutdown" SignalId="FunctionArea.FireShutter"/>
  <alarm name="AL3110" text="Fire door slave not connected" SignalId="FunctionArea.FireShutter"/>
  <alarm name="AL3111" text="UPS battery low" SignalId="FunctionArea.FireShutter"/>
  <alarm name="AL3112" text="Fault on X-ray" SignalId="FunctionArea.HBS"/>
  <alarm name="AL3113" text="Run fault on X-ray" SignalId="FunctionArea.HBS"/>
  <alarm name="AL3114" text="No communication link to X-ray machine" SignalId="FunctionArea.HBS"/>
  <alarm name="AL3115" text="X-ray machine not ready" SignalId="FunctionArea.HBS"/>
  <alarm name="AL3116" text="X-ray machine not OK" SignalId="FunctionArea.HBS"/>
  <alarm name="AL3120" text="Checksum error" SignalId="FunctionArea.IATAScanner"/>
  <alarm name="AL3121" text="Scanner received index telegram with wrong checksum" SignalId="FunctionArea.IATAScanner"/>
  <alarm name="AL3122" text="Encoder A failure at primary OTC" SignalId="FunctionArea.IATAScanner"/>
  <alarm name="AL3123" text="Encoder A failure at secondary OTC" SignalId="FunctionArea.IATAScanner"/>
  <alarm name="AL3124" text="Encoder B failure at primary OTC" SignalId="FunctionArea.IATAScanner"/>
  <alarm name="AL3125" text="Encoder B failure at secondary OTC" SignalId="FunctionArea.IATAScanner"/>
  <alarm name="AL3126" text="Encoder failure at primary OTC" SignalId="FunctionArea.IATAScanner"/>
  <alarm name="AL3127" text="Encoder failure at secondary OTC" SignalId="FunctionArea.IATAScanner"/>
  <alarm name="AL3128" text="Error on scanner" SignalId="FunctionArea.IATAScanner"/>
  <alarm name="AL3129" text="Framing error" SignalId="FunctionArea.IATAScanner"/>
  <alarm name="AL3132" text="No index" SignalId="FunctionArea.IATAScanner"/>
  <alarm name="AL3136" text="There is no connection to scanner" SignalId="FunctionArea.IATAScanner"/>
  <alarm name="AL3137" text="No index telegram received within read signal." SignalId="FunctionArea.IATAScanner"/>
  <alarm name="AL3138" text="No primary OTC detected" SignalId="FunctionArea.IATAScanner"/>
  <alarm name="AL3139" text="No secondary OTC detected" SignalId="FunctionArea.IATAScanner"/>
  <alarm name="AL3141" text="No scanner in network detected" SignalId="FunctionArea.IATAScanner"/>
  <alarm name="AL3142" text="Missing scanner in primary network" SignalId="FunctionArea.IATAScanner"/>
  <alarm name="AL3143" text="Missing scanner in secondary network" SignalId="FunctionArea.IATAScanner"/>
  <alarm name="AL3144" text="Primary OTC failure" SignalId="FunctionArea.IATAScanner"/>
  <alarm name="AL3145" text="Power supply of primary OTC failed" SignalId="FunctionArea.IATAScanner"/>
  <alarm name="AL3146" text="Power supply of secondary OTC failed" SignalId="FunctionArea.IATAScanner"/>
  <alarm name="AL3148" text="Secondary OTC failure" SignalId="FunctionArea.IATAScanner"/>
  <alarm name="AL3149" text="Speed signal not present when read signal active" SignalId="FunctionArea.IATAScanner"/>
  <alarm name="AL3151" text="Trigger A failure at primary OTC" SignalId="FunctionArea.IATAScanner"/>
  <alarm name="AL3152" text="Trigger A failure at secondary OTC" SignalId="FunctionArea.IATAScanner"/>
  <alarm name="AL3153" text="Trigger B failure at primary OTC" SignalId="FunctionArea.IATAScanner"/>
  <alarm name="AL3154" text="Trigger B failure at secondary OTC" SignalId="FunctionArea.IATAScanner"/>
  <alarm name="AL3155" text="Trigger failure at primary OTC" SignalId="FunctionArea.IATAScanner"/>
  <alarm name="AL3156" text="Trigger failure at secondary OTC" SignalId="FunctionArea.IATAScanner"/>
  <alarm name="AL3157" text="No checksum or partial message" SignalId="FunctionArea.IATAScanner"/>
  <alarm name="AL3158" text="No connection to IO module" SignalId="FunctionArea.IO"/>
  <alarm name="AL3159" text="Relay faulty" SignalId="FunctionArea.IO"/>
  <alarm name="AL3160" text="Fault on 24V supply in power box for lift" SignalId="FunctionArea.Lift"/>
  <alarm name="AL3161" text="Fault on control supply in power box for lift" SignalId="FunctionArea.Lift"/>
  <alarm name="AL3163" text="The limit switch has been activated" SignalId="FunctionArea.Lift"/>
  <alarm name="AL3164" text="Main switch off in lift power box" SignalId="FunctionArea.Lift"/>
  <alarm name="AL3167" text="Temperature is too high in braking resistor" SignalId="FunctionArea.Lift"/>
  <alarm name="AL3168" text="Baggage error" SignalId="FunctionArea.Loader"/>
  <alarm name="AL3169" text="Baggage too heavy" SignalId="FunctionArea.Loader"/>
  <alarm name="AL3171" text="Baggage too long" SignalId="FunctionArea.Loader"/>
  <alarm name="AL3174" text="Too many noreads" SignalId="FunctionArea.Loader"/>
  <alarm name="AL3175" text="Item didn't leave within time window" SignalId="FunctionArea.Loader"/>
  <alarm name="AL3176" text="Item didn't arrive within time window" SignalId="FunctionArea.Loader"/>
  <alarm name="AL3177" text="No connection to MES" SignalId="FunctionArea.MHS"/>
  <alarm name="AL3178" text="There is a tote at the closed MHS" SignalId="FunctionArea.MHS"/>
  <alarm name="AL3180" text="Initialization not possible" SignalId="FunctionArea.Nerak"/>
  <alarm name="AL3182" text="Full tote not allowed here" SignalId="FunctionArea.SPS"/>
  <alarm name="AL3183" text="Tote on queue position before service element" SignalId="FunctionArea.ServicePlatform"/>
  <alarm name="AL3184" text="Stacker not shifted" SignalId="FunctionArea.Stacker"/>
  <alarm name="AL3185" text="Position of raising mechanism not correct" SignalId="FunctionArea.Stacker"/>
  <alarm name="AL3186" text="Tote didn't leave within time window" SignalId="FunctionArea.Stacker"/>
  <alarm name="AL3238" text="Chute jammed" SignalId="FunctionArea.Chute"/>
  <alarm name="AL3239" text="No item seen in chute" SignalId="FunctionArea.Chute"/>
  <alarm name="AL3240" text="No connection to I/O module" SignalId="FunctionArea.Conveyor"/>
  <alarm name="AL3241" text="Internal communication error" SignalId="FunctionArea.Conveyor"/>
  <alarm name="AL3242" text="No connection between DP-DP coupler partner and CMC" SignalId="FunctionArea.DPDPCouplerPart"/>
  <alarm name="AL3246" text="Tote tracking lost on position" SignalId="FunctionArea.Element"/>
  <alarm name="AL3247" text="Communication problem ($param0])" SignalId="FunctionArea.IATAScanner"/>
  <alarm name="AL3250" text="The servo did not find home position" SignalId="FunctionArea.Lift"/>
  <alarm name="AL3251" text="Gap supervision fault on the lift" SignalId="FunctionArea.Lift"/>
  <alarm name="AL3252" text="Fault on handscanner" SignalId="FunctionArea.Loader"/>
  <alarm name="AL3253" text="Item on track" SignalId="FunctionArea.Loader"/>
  <alarm name="AL3255" text="Stray item detected" SignalId="FunctionArea.SPS"/>
  <alarm name="AL3290" text="Index telegram error" SignalId="FunctionArea.IATAScanner"/>
  <alarm name="AL3291" text="Index already in use" SignalId="FunctionArea.IATAScanner"/>
  <alarm name="AL3292" text="Multiple indexes within signal" SignalId="FunctionArea.IATAScanner"/>
  <alarm name="AL3293" text="No read signal received for index" SignalId="FunctionArea.IATAScanner"/>
  <alarm name="AL3295" text="Motor fault" SignalId="FunctionArea.FireShutter"/>
  <alarm name="AL3297" text="Falling item detected" SignalId="FunctionArea.Nerak"/>
  <alarm name="AL3298" text="Manuel mode on both operator panels activated" SignalId="FunctionArea.Element"/>
  <alarm name="AL3299" text="Fuse tripped in local control panel" SignalId="FunctionArea.Element"/>
  <alarm name="AL3300" text="Main switch off in local control panel" SignalId="FunctionArea.Element"/>
  <alarm name="AL3301" text="Anti-fall guard is activated" SignalId="FunctionArea.Lift"/>
  <alarm name="AL3302" text="No network connection to X-ray machine" SignalId="FunctionArea.HBS"/>
  <alarm name="AL3303" text="Tote with a too high item detected" SignalId="FunctionArea.IHV"/>
  <alarm name="AL3309" text="No connection to I/O module" SignalId="FunctionArea.Element"/>
  <alarm name="AL3310" text="Servo brake manually released" SignalId="FunctionArea.Element"/>
  <alarm name="AL3311" text="Hardware failure on scanner head" SignalId="FunctionArea.IATAScanner"/>
  <alarm name="AL3312" text="Network failure on scanner head" SignalId="FunctionArea.IATAScanner"/>
  <alarm name="AL3313" text="Discharge jammed" SignalId="FunctionArea.Chute"/>
  <alarm name="AL3314" text="Tote misaligned" SignalId="FunctionArea.Nerak"/>
  <alarm name="AL3316" text="Homing not possible" SignalId="FunctionArea.Discharge"/>
  <alarm name="AL3317" text="Homing timeout" SignalId="FunctionArea.Discharge"/>
  <alarm name="AL3318" text="Multi Motion error" SignalId="FunctionArea.Discharge"/>
  <alarm name="AL3319" text="No communication with servo drive" SignalId="FunctionArea.Discharge"/>
  <alarm name="AL3320" text="Error on servo drive" SignalId="FunctionArea.Discharge"/>
  <alarm name="AL3321" text="Error downloading SW to servo drive" SignalId="FunctionArea.Discharge"/>
  <alarm name="AL3322" text="Fault on tote scanner" SignalId="FunctionArea.ToteScanner1"/>
  <alarm name="AL3323" text="No connection to tote scanner" SignalId="FunctionArea.ToteScanner1"/>
  <alarm name="AL3324" text="Fault on tote scanner" SignalId="FunctionArea.ToteScanner2"/>
  <alarm name="AL3325" text="No connection to tote scanner" SignalId="FunctionArea.ToteScanner2"/>
  <alarm name="AL3326" text="Tote didn't leave within time window" SignalId="FunctionArea.FireShutter"/>
  <alarm name="AL3328" text="Arm activation timeout" SignalId="FunctionArea.Element"/>
  <alarm name="AL3329" text="Service breaker on FQ is off" SignalId="FunctionArea.Element"/>
  <alarm name="AL3330" text="Safety switch in operating panel activated" SignalId="FunctionArea.Element"/>
  <alarm name="AL3331" text="Chains misaligned" SignalId="FunctionArea.Nerak"/>
  <alarm name="AL3332" text="Tote with contour error on queue position before service element" SignalId="FunctionArea.ServicePlatform"/>
  <alarm name="AL3333" text="Brake release not allowed" SignalId="FunctionArea.Element"/>
  <alarm name="AL3334" text="Sensor jam" SignalId="FunctionArea.Nerak"/>
  <alarm name="AL3335" text="Loss of main Power" SignalId="FunctionArea.Radiation"/>
  <alarm name="AL3336" text="Out of operation" SignalId="FunctionArea.Radiation"/>
  <alarm name="AL3342" text="Contour scanner dirty" SignalId="FunctionArea.Contour"/>
  <alarm name="AL3345" text="Bag arrives at MHS station too many times" SignalId="FunctionArea.MHS"/>
  <alarm name="AL3346" text="Tote waiting at MHS station" SignalId="FunctionArea.MHS"/>
  <alarm name="AL3349" text="No MHS open" SignalId="FunctionArea.MHSArea"/>
  <alarm name="AL3355" text="Tote state verifier is dirty" SignalId="FunctionArea.TSV"/>
  <alarm name="AL4047" text="Three missing Bags in succession at same tracking Photocell shall cause Missing Bag Jam." SignalId="Conveyor"/>
  <alarm name="AL4004" text="BHS Equipment Disabled from MDS." SignalId="Conveyor/Equipment"/>
  <alarm name="AL4014" text="Encoder Feedback not received possibly due to Encoder Photocell fault. " SignalId="Conveyor"/>
  <alarm name="AL4036" text="Encoder Feedback below the pre-defined level. " SignalId="Conveyor"/>
  <alarm name="AL4039" text="Encoder Feedback above the pre-defined level." SignalId="Conveyor"/>
  <alarm name="AL4008" text="Inverter not Healthy. " SignalId="Conveyor/Equipment"/>
  <alarm name="AL4009" text="Motor Tripped possibly due to Overload or Overheat. Switch the Breaker to ON position and reset the Fault at the respective Power box /Main Power panel." SignalId="Conveyor/Equipment"/>
  <alarm name="AL4012" text="Conveyor Sensor Jammed or Faulty. " SignalId="Conveyor"/>
  <alarm name="AL4013" text="Conveyor Sensor Jammed or Faulty." SignalId="Conveyor"/>
  <alarm name="AL4015" text="Conveyor Sensor Jammed or Faulty. " SignalId="Conveyor"/>
  <alarm name="AL4038" text="Motor Isolator in OFF position." SignalId="Conveyor"/>
  <alarm name="AL4050" text="Unit Isolator in off position. " SignalId="Conveyor/Equipment"/>
  <alarm name="AL4097" text="Bag got Struck in the Divertor Arm Area" SignalId="Conveyor"/>
  <alarm name="AL4098" text="Chute Sensor Blocked by Bag for Long Time" SignalId="Conveyor"/>
  <alarm name="AL4054" text="Thermal overload fault detected from the drive." SignalId="Conveyor/Equipment"/>
  <alarm name="AL4093" text="Local Motor Switched off from the Drive Control panel. " SignalId="Conveyor"/>
  <alarm name="AL4037" text="Baggage jam at the Switch area of the Equipment. " SignalId="Conveyor"/>
  <alarm name="AL4040" text="Tracking PEC fault." SignalId="Conveyor"/>
</alarms>
