<?xml version="1.0" encoding="iso-8859-1"?>
<configuration xmlns:xsi="http://www.w3.org/2001/XMLSchema-instance" xmlns="BeumerGroup/configuration">
  <platform>
    <bgtaskmgr router="localhost:${MessageRouterPort}" xmlns="BeumerGroup/platform/bgtaskmgr">
      <tasks>
        <!-- Init Level 3 -->
        <task id="SignalHandler" impl="alarmlink.SignalHandlingTask" initTimeout="180" startTimeout="300" initLevel="3" />
        <task id="KPI" impl="alarmlink.KPI.KPITask" initTimeout="30" startTimeout="30" initLevel="3" />
        <!-- Init Level 4 -->
        <task id="WaitDB" impl="alarmlink.Alive.WaitForDatabaseTask" initTimeout="300" initLevel="4" />
        <!-- Init Level 5 -->
        <task id="AlarmStatusLogTask" impl="alarmlink.AlarmStatusLog.AlarmStatusLogTask" initTimeout="180" startTimeout="180" initLevel="5" enabled="${ALARMLINK_ELASTIC_LOG}" />
        <task id="Alarmsubscriptiontask" impl="alarmlink.Messenger.AlarmSubscriptionTask" initTimeout="180" startTimeout="180" initLevel="5" />
        <task id="AliveMonitor" impl="alarmlink.Alive.AliveMonitorTask" initTimeout="180" startTimeout="180" initLevel="5" />
        <task id="BatchAliveMonitor" impl="alarmlink.Alive.BatchAliveMonitorTask" initTimeout="180" startTimeout="180" initLevel="5" />
        <task id="IFConnection" impl="alarmlink.Connectors.IFConnectionTask" initTimeout="180" startTimeout="180" initLevel="5" />
        <task id="IFHandler" impl="alarmlink.Handlers.IFHandlerTask" initTimeout="180" startTimeout="180" initLevel="5" />
        <task id="WHMCConnection" impl="alarmlink.Connectors.WHMCConnectorTask" initTimeout="180" startTimeout="180" initLevel="5" enabled="${ALARMLINK_WHMC}" />
        <task id="AlarmOfflineHandling" impl="alarmlink.Alarm.AlarmOfflineHandlingTask" initTimeout="180" startTimeout="180" initLevel="5" />
        <task id="P15Handler" impl="alarmlink.Handlers.P15HandlerTask" initTimeout="180" startTimeout="180" initLevel="5" />
        <task id="P15AHandler" impl="alarmlink.Handlers.P15AHandlerTask" initTimeout="180" startTimeout="180" initLevel="5" />
        <task id="KepwareHandler" impl="alarmlink.Handlers.KepwareHandlerTask" initTimeout="180" startTimeout="180" initLevel="5" warn_qsize="800" />
        <task id="SiemensHandler" impl="alarmlink.Handlers.SiemensHandlerTask" initTimeout="180" startTimeout="180" initLevel="5" warn_qsize="800" />
        <task id="SiemensUAHandler" impl="alarmlink.Handlers.SiemensHandlerTask" initTimeout="180" startTimeout="180" initLevel="5" warn_qsize="800" />
        <task id="SiemensHPLCHandler" impl="alarmlink.Handlers.SiemensHPLCHandlerTask" initTimeout="180" startTimeout="180" initLevel="5" warn_qsize="800" />
        <task id="StatisticConnector" impl="alarmlink.Connectors.Statistic.StatisticConnectorTask" initTimeout="180" startTimeout="180" initLevel="5" enabled="${ALARMLINK_CIS}" />
        <task id="KepwareConnector" impl="alarmlink.Connectors.KepwareConnectionTask" initTimeout="180" startTimeout="180" initLevel="5" />
        <task id="WarmStandby" impl="alarmlink.Warmstandby.WarmstandbyTask" initTimeout="180" startTimeout="180" initLevel="5" />
		    <task id="CustomSignals" impl="alarmlink.CustomSignals.CustomSignalsTask" initTimeout="180" startTimeout="180" initLevel="5" />
        <!-- WimapInterfaceTask providing data to editor tools in Wimap -->
        <task id="WimapInterfaceTask" impl="alarmlink.Tasks.WimapInterface.WimapInterfaceTask" initTimeout="180" startTimeout="180" initLevel="5" />
        <!-- Init Level 6 -->
        <task id="AlarmHandler" impl="alarmlink.Alarm.AlarmHandlerTask" initTimeout="180" startTimeout="180" initLevel="6" warn_qsize="800" />
        <task id="P15AHandlerSimulator" impl="alarmlink.Simulator.P15ASimulator" initTimeout="180" startTimeout="180" initLevel="6" enabled="${ALARMLINK_SIMULATION}" />
        <task id="P15HandlerSimulator" impl="alarmlink.Simulator.P15Simulator" initTimeout="180" startTimeout="180" initLevel="6" enabled="${ALARMLINK_SIMULATION}" />
        <task id="OPCHandlerSimulator" impl="alarmlink.Simulator.OPCSimulator" initTimeout="180" startTimeout="180" initLevel="6" enabled="${ALARMLINK_SIMULATION}" />
        <task id="Housekeeping" impl="BGPlatform.Tasks.HousekeepingTask" initTimeout="180" startTimeout="180" initLevel="6" />
      </tasks>
    </bgtaskmgr>
    <logging xmlns="BeumerGroup/platform/log">
      <logserverconnection ip="${LOGSERVER_IP}" port="${LOGSERVER_PORT}" ignoreDomains="AlarmStatusLogTask" />
      <!-- This log appeneder should be active if log file with Alarm and Status for Elastic should be active. AlarmStatusTask should also be enabled -->
      <logappenders>
          <filelogappender id="elasticFile" filename="AlarmStatusLog" interval="DAILY" />
        </logappenders>
        <logdomains>
          <logdomain id="AlarmStatusLogTask"> 
            <appenders level="NORMAL"> 
              <appender id="elasticFile" /> 
            </appenders>
          </logdomain>
        </logdomains>
    </logging>
    <io xmlns="BeumerGroup/platform/io">
      <!-- Configuration of the socket connection to CIS. Simple STX/ETX framing is used -->
      <sockettelegraph id="cis" xmlns="BeumerGroup/platform/io/sockettelegraph">
        <client>
          <layers>
            <converterLayer impl="BGPlatform.IO.ConnectionType.SocketConnection.levelmap.GenericMessageMap" config="cisTelegrams" />
            <byteLayers>
              <Add id="keepalive" impl="BGPlatform.IO.ConnectionType.SocketConnection.leveltransport.KeepAliveHandler" config="keepalive" />
              <Add id="framing" impl="BGPlatform.IO.ConnectionType.SocketConnection.leveltransport.FramingProtocolHandler" />
            </byteLayers>
          </layers>
          <transport LogReceive="True" LogSend="True" RemoteIp="${CISIp}" RemotePort="${CISPort}" BufferSize="65000" QueueSize="20000" ReconnectTime="10000" AutoConnectAtStartup="false" AutoReConnect="true" />
          <channelmanager impl="BGPlatform.IO.ConnectionType.SocketConnection.ChannelManager.GenericChannelManager">

          </channelmanager>
          <maintenance mintimeout="5000" />          
        </client>
      </sockettelegraph>
      <Configs>
        <!-- Telegrams that can be received from CIS -->
        <Config id="cisTelegrams">
          <converters>
            <converter id="LastEventTelegram" impl="alarmlink.Connectors.Statistic.CISTelegrams.LastEventTelegram" />
            <converter id="EventAckTelegram" impl="alarmlink.Connectors.Statistic.CISTelegrams.EventAckTelegram" />
            <converter id="EventNackTelegram" impl="alarmlink.Connectors.Statistic.CISTelegrams.EventNackTelegram" />
          </converters>
        </Config>
        <Config id="keepalive">
          <KeepAliveParameters receive_timeout="15000" send_interval="5000" />
        </Config>		        
      </Configs>
    </io>

    <!-- ============================================================ -->
    <!--  Housekeeping  -->
    <!-- ============================================================ -->
    <housekeepingtasks xmlns="BeumerGroup/platform/housekeeping">
      <task id="Housekeeping">
        <executeSQL>
          <execute id="BackupDb" ConnectionTemplate="alarmlink" time="${PURGE_RUNTIME}" SqlCommand="backupDb" />
        </executeSQL>
      </task>
    </housekeepingtasks>

    <storage xmlns="BeumerGroup/platform/storage">
      <connectiontemplates>
        <connectiontemplate id="alarmlink" poolSize="1" poolMaxSize="3" connectionString="${CONNECTIONSTRING}" dbProviderFactoryName="${DBPROVIDER}" databaseType="${DBTYPE}">
          <commands prepared="true">
            <command id="clearAlarmDB" value="DELETE FROM AlarmInstance" />
            <command id="insertAlarm" value="INSERT INTO AlarmInstance (alarmtag, alarmstatusnumber, alarmtype, alarmgroup, priority, partname, level1view, level2view, extrataglist, category, technical, dateon, dateoff, dateack, ackcomment, ackuser, occurrencecomment, generelcomment, elementid, cctvrecording, replacevalue1, replacevalue2, replacevalue3, replacevalue4, replacevalue5, replacevalue6, replacevalue7, replacevalue8, replacevalue9, replacevalue10, replacevalue11, replacevalue12, replacevalue13, replacevalue14, replacevalue15, replacevalue16) VALUES (%%alarmtag, %%alarmstatusnumber, %%alarmtype, %%alarmgroup, %%priority, %%partname, %%level1view, %%level2view, %%extrataglist, %%category, %%technical, %%dateon, null, null, '', '', '', %%generelcomment, %%elementid, %%cctvrecording, %%rv1, %%rv2, %%rv3, %%rv4, %%rv5, %%rv6, %%rv7, %%rv8, %%rv9, %%rv10, %%rv11, %%rv12, %%rv13, %%rv14, %%rv15, %%rv16)" />
            <command id="updateAlarmDone" value="UPDATE AlarmInstance SET dateoff=%%dateoff WHERE dateon=%%dateon AND alarmtag=%%alarmtag AND dateoff is NULL" />
            <command id="updateAlarmAckComment" value="UPDATE AlarmInstance SET dateack=%%dateack, ackcomment=%%ackcomment, ackuser=%%ackuser WHERE dateon=%%dateon AND alarmtag=%%alarmtag" />
            <command id="deleteAlarm" value="DELETE FROM AlarmInstance WHERE alarmtag=%%alarmtag AND dateon=%%dateon" />
            <command id="getOldAlarms" value="SELECT alarmtag, dateon FROM AlarmInstance WHERE %%etime&gt;=dateon ORDER BY dateon ASC" />
            <command id="getActiveAlarms" value="SELECT AI.alarmtag, alarmstatusnumber, alarmtype, alarmgroup, priority, partname, level1view, level2view, extrataglist, category, technical, AI.dateon, dateoff, dateack, ackcomment, ackuser, occurrencecomment, generelcomment, elementid, cctvrecording, replacevalue1, replacevalue2, replacevalue3, replacevalue4, replacevalue5, replacevalue6, replacevalue7, replacevalue8, replacevalue9, replacevalue10, replacevalue11, replacevalue12, replacevalue13, replacevalue14, replacevalue15, replacevalue16, EP.name, EP.value FROM AlarmInstance as AI LEFT OUTER JOIN ExtendedProperties as EP ON AI.alarmtag = EP.alarmtag AND AI.dateon = EP.dateon WHERE dateoff is NULL OR dateack is NULL ORDER BY AI.DateOn DESC" />
            <command id="getAlarm" value="SELECT alarmtag, alarmtype, alarmgroup, priority, partname, level1view, level2view, extrataglist, category, technical, dateon, dateoff, dateack, ackcomment, ackuser, occurrencecomment, generelcomment, elementid, cctvrecording, replacevalue1, replacevalue2, replacevalue3, replacevalue4, replacevalue5, replacevalue6, replacevalue7, replacevalue8, replacevalue9, replacevalue10, replacevalue11, replacevalue12, replacevalue13, replacevalue14, replacevalue15, replacevalue16 FROM AlarmInstance WHERE alarmtag=%%alarmtag AND dateon=%%dateon" />
            <command id="getOfflineAlarms" value="SELECT AI.dateon, dateoff, dateack, AI.alarmtag, alarmstatusnumber, ackcomment, ackuser, occurrencecomment, priority, partname, level1view, level2view, elementid, generelcomment, alarmtype, alarmgroup, cctvrecording, technical, category, replacevalue1, replacevalue2, replacevalue3, replacevalue4, replacevalue5, replacevalue6, replacevalue7, replacevalue8, replacevalue9, replacevalue10, replacevalue11, replacevalue12, replacevalue13, replacevalue14, replacevalue15, replacevalue16, EP.name, EP.value FROM AlarmInstance as AI LEFT OUTER JOIN ExtendedProperties as EP ON AI.alarmtag = EP.alarmtag AND AI.dateon = EP.dateon WHERE %%etime&gt;=AI.dateon AND (AI.dateoff IS NULL OR AI.dateoff&gt;=%%stime) ORDER BY AI.dateon DESC" />
            <command id="getActiveOfflineAlarm" value="SELECT dateon, dateoff, dateack, alarmtag FROM AlarmInstance WHERE alarmtag=%%alarmtag ORDER BY dateon DESC" />
            <command id="getExtendedProperties" value="SELECT name, value FROM ExtendedProperties WHERE alarmtag=%%alarmtag AND dateon=%%dateon" />
            <command id="insertExtendedProperty" value="INSERT INTO ExtendedProperties (alarmtag, dateon, name, value) VALUES (%%alarmtag, %%dateon, %%name, %%value)" />
            <command id="updateExtendedProperty" value="Update ExtendedProperties SET value=%%value WHERE alarmtag=%%alarmtag AND dateon=%%dateon AND name=%%name" />
            <command id="getReplacementValues" value="SELECT replacevalue1, replacevalue2, replacevalue3, replacevalue4, replacevalue5, replacevalue6, replacevalue7, replacevalue8, replacevalue9, replacevalue10, replacevalue11, replacevalue12, replacevalue13, replacevalue14, replacevalue15, replacevalue16 FROM AlarmInstance WHERE alarmtag=%%alarmtag AND dateon=%%dateon" />
            <command id="updateReplacementValues" value="UPDATE AlarmInstance SET replacevalue1=%%rv1, replacevalue2=%%rv2, replacevalue3=%%rv3, replacevalue4=%%rv4, replacevalue5=%%rv5, replacevalue6=%%rv6, replacevalue7=%%rv7, replacevalue8=%%rv8, replacevalue9=%%rv9, replacevalue10=%%rv10, replacevalue11=%%rv11, replacevalue12=%%rv12, replacevalue13=%%rv13, replacevalue14=%%rv14, replacevalue15=%%rv15, replacevalue16=%%rv16 WHERE alarmtag=%%alarmtag AND dateon=%%dateon" />
            <command id="deleteExtendedProperty" value="DELETE FROM ExtendedProperties WHERE alarmtag=%%alarmtag AND dateon=%%dateon AND name=%%name" />
            <command id="deleteExtendedProperties" value="DELETE FROM ExtendedProperties WHERE alarmtag=%%alarmtag AND dateon=%%dateon" />
            <command id="updateOccurenceComment" value="UPDATE AlarmInstance SET occurrencecomment=%%comment WHERE alarmtag=%%alarmtag AND dateon=%%dateon" />
            <command id="updateGenerelComment" value="UPDATE AlarmInstance SET generelcomment=%%comment WHERE alarmtag=%%alarmtag" />
            <command id="getAllAlarmIdentificationParameters" value="SELECT alarmtag, name, value FROM AlarmIdentification" />
            <command id="insertAlarmIdentificationParameter" value="INSERT INTO AlarmIdentification (alarmtag, name, value) VALUES (%%alarmtag, %%name, %%value)" />
            <command id="updateAlarmIdentificationParameter" value="UPDATE AlarmIdentification SET value=%%value WHERE alarmtag=%%alarmtag AND name=%%name" />
            <command id="deleteAlarmIdentificationParameter" value="DELETE FROM AlarmIdentification WHERE alarmtag=%%alarmtag AND name=%%name" />
            <command id="getSimpleSubscribersFromAlarm" value="SELECT Subscriber.name, Subscriber.language, SubscriberAddress.orderidx, SubscriberAddress.address, SubscriberAddress.servicetype FROM AlarmEscalationPlan JOIN SubscriberGroup ON AlarmEscalationPlan.subscribergroupid=SubscriberGroup.id JOIN SubscriberGroupsMember ON SubscriberGroup.id=SubscriberGroupsMember.groupid JOIN Subscriber ON SubscriberGroupsMember.subscriberid=Subscriber.id JOIN SubscriberAddress ON Subscriber.id=SubscriberAddress.subscriberid WHERE AlarmEscalationPlan.alarmtag=%%alarmtag" />
            <command id="getSimpleSubscribersFromAlarm" value="SELECT Subscriber.name, Subscriber.language, SubscriberAddress.orderidx, SubscriberAddress.address, SubscriberAddress.servicetype FROM AlarmEscalationPlan JOIN SubscriberGroup ON AlarmEscalationPlan.subscribergroupid=SubscriberGroup.id JOIN SubscriberGroupsMember ON SubscriberGroup.id=SubscriberGroupsMember.groupid JOIN Subscriber ON SubscriberGroupsMember.subscriberid=Subscriber.id JOIN SubscriberAddress ON Subscriber.id=SubscriberAddress.subscriberid WHERE AlarmEscalationPlan.alarmtag=%%alarmtag" />
            <command id="getSimpleSubscriberGroups" value="SELECT id, name, description FROM SubscriberGroup" />
            <command id="getEscalationSubscribers" value="SELECT id, name, description FROM EscalationPlan" />
            <command id="createAlarmEscalationPlan" value="INSERT INTO AlarmEscalationPlan (alarmtag, planid, subscribergroupid) VALUES (%%alarmtag, 0, 0)" />
            <command id="getAlarmEscalationPlan" value="SELECT alarmtag, planid, subscribergroupid FROM AlarmEscalationPlan WHERE alarmtag=%%alarmtag" />
            <command id="getAlarmEscalationPlans" value="SELECT alarmtag, planid, subscribergroupid FROM AlarmEscalationPlan" />
            <command id="updateSimpleAlarmEscalationPlan" value="UPDATE AlarmEscalationPlan SET subscribergroupid=%%subscriberid WHERE alarmtag=%%alarmtag" />
            <command id="updateEscalationAlarmEscalationPlan" value="UPDATE AlarmEscalationPlan SET planid=%%planid WHERE alarmtag=%%alarmtag" />
            <command id="addMessengerLog" value="INSERT INTO MessengerLog (id, escalationinstanceid, servicetype, address, sendtime, answer) VALUES (%%id, %%instanceid, %%servicetype, %%address, %%sendtime, %%answer)" />
            <command id="updateMessageLog" value="UPDATE MessengerLog SET answer=%%answer WHERE id=%%id" />
            <command id="deleteMessageLog" value="DELETE FROM MessengerLog WHERE %%endtime&gt;=sendtime" />
            <command id="deleteEscalationInstances" value="DELETE FROM EscalationInstance WHERE %%endtime&gt;=datestart" />
            <command id="getEscalationPlanFromAlarmTag" value="SELECT id, name, description FROM EscalationPlan WHERE id = (SELECT TOP 1 planid FROM AlarmEscalationPlan WHERE alarmtag=%%alarmtag)" />
            <command id="getEscalationSteps" value="SELECT id, orderidx, timeoutsecs, name FROM EscalationStep WHERE planid=%%planid" />
            <command id="createEscalationInstance@SYBASE" value="INSERT INTO EscalationInstance (escalationstepid, datestart) VALUES (%%stepid,%%dateStart); SELECT @@identity;" />
            <command id="createEscalationInstance" value="INSERT INTO EscalationInstance (escalationstepid, datestart) OUTPUT inserted.id VALUES (%%stepid,%%dateStart)" />
            <command id="getEscalationPlanById" value="SELECT id, name, description FROM EscalationPlan WHERE id=%%planid" />
            <command id="getAlarmTagByPlanId" value="SELECT alarmtag FROM AlarmEscalationPlan WHERE planid=%%planid" />
            <command id="getTimeoutEscalationInstances" value="SELECT EscalationInstance.id, EscalationInstance.escalationstepid, EscalationInstance.datestart, EscalationStep.id, EscalationStep.planid, EscalationStep.orderidx, EscalationStep.timeoutsecs, EscalationStep.name FROM EscalationInstance INNER JOIN EscalationStep ON EscalationInstance.escalationstepid = EscalationStep.id WHERE dateend IS NULL AND DATEDIFF(ss, EscalationInstance.datestart,%%checkTime) &gt;= EscalationStep.timeoutsecs" />
            <command id="endEscalationInstance" value="UPDATE EscalationInstance SET dateend = %%dateend WHERE id = %%id" />
            <command id="endEscalationByAlarmTag" value="UPDATE EscalationInstance SET dateend = %%dateend WHERE dateend IS NULL AND escalationstepid IN (SELECT id FROM EscalationStep WHERE planid IN (select planid FROM AlarmEscalationPlan WHERE alarmtag = %%alarmtag))" />
            <command id="getSubscriberGroupsWithSubscribers" value="SELECT SG.id, SG.name, SG.description, S.id FROM SubscriberGroup SG LEFT OUTER JOIN SubscriberGroupsMember SGM ON SG.id = SGM.groupid LEFT OUTER JOIN Subscriber S ON S.id = SGM.subscriberId" />
            <command id="getEscalationPlansWithSteps" value="SELECT EP.id, EP.name, EP.description, ES.id, ES.name, ES.orderidx, ES.timeoutsecs FROM EscalationPlan EP LEFT OUTER JOIN EscalationStep ES ON EP.id = ES.planid" />
            <command id="getSubscribersWithAddresses" value="SELECT S.id, S.name, S.language, SA.orderidx, SA.address, SA.servicetype FROM Subscriber S LEFT OUTER JOIN SubscriberAddress SA ON S.id=SA.subscriberid" />
            <command id="updateSubscriberGroup" value="UPDATE SubscriberGroup SET name = %%name, description = %%description WHERE id = %%id" />
            <command id="deleteSubscriberGroupMembers" value="DELETE FROM SubscriberGroupsMember WHERE groupid = %%groupid" />
            <command id="createSubscriberGroupMember" value="INSERT INTO SubscriberGroupsMember(groupid, subscriberId) VALUES (%%groupid,%%subscriberid)" />
            <command id="getSubscribersFromAlarm" value="SELECT S.id, S.name, S.language, SA.orderidx, SA.address, SA.servicetype FROM AlarmEscalationPlan AEP JOIN SubscriberGroup SG ON AEP.subscribergroupid=SG.id JOIN SubscriberGroupsMember SGM ON SG.id=SGM.groupid JOIN Subscriber S ON SGM.subscriberid=S.id JOIN SubscriberAddress SA ON S.id=SA.subscriberid WHERE AEP.alarmtag=%%alarmtag" />
            <command id="getGroupSubscribersFromEscalationStep" value="SELECT S.id, S.name, S.language, SA.orderidx, SA.address, SA.servicetype FROM EscalationStepSubscriberGroup ESSG JOIN SubscriberGroup SG ON ESSG.subscribergroupid=SG.id JOIN SubscriberGroupsMember SGM ON SG.id=SGM.groupid JOIN Subscriber S ON SGM.subscriberid=S.id JOIN SubscriberAddress SA ON S.id=SA.subscriberid WHERE ESSG.escalationstepid=%%stepid" />
            <command id="getGroupSubscribersFromPreviousEscalationStep" value="SELECT S.id, S.name, S.language, SA.orderidx, SA.address, SA.servicetype FROM EscalationStepSubscriberGroup ESSG JOIN SubscriberGroup SG ON ESSG.subscribergroupid=SG.id JOIN SubscriberGroupsMember SGM ON SG.id=SGM.groupid JOIN Subscriber S ON SGM.subscriberid=S.id JOIN SubscriberAddress SA ON S.id=SA.subscriberid JOIN EscalationStep ES ON ES.id = ESSG.escalationstepid WHERE ES.id IN (SELECT EscalationStep.id FROM EscalationStep WHERE planid = (SELECT planid FROM EscalationStep WHERE EscalationStep.id =%%stepid) AND orderidx &lt; %%orderidx)" />
            <command id="deleteSubscriberGroup" value="DELETE FROM SubscriberGroup WHERE id=%%id" />
            <command id="createSubscriberGroup@SYBASE" value="INSERT INTO SubscriberGroup(name, description) VALUES (%%name,%%description); SELECT @@identity;" />
            <command id="createSubscriberGroup" value="INSERT INTO SubscriberGroup(name, description) OUTPUT inserted.id VALUES (%%name,%%description)" />
            <command id="updateEscalationPlan" value="UPDATE EscalationPlan SET name = %%name, description = %%description WHERE id = %%id" />
            <command id="createEscalationPlan@SYBASE" value="INSERT INTO EscalationPlan(name, description) VALUES (%%name,%%description); SELECT @@identity;" />
            <command id="createEscalationPlan" value="INSERT INTO EscalationPlan(name, description) OUTPUT inserted.id VALUES (%%name,%%description)" />
            <command id="createEscalationStep@SYBASE" value="INSERT INTO EscalationStep(name, planid, orderidx, timeoutsecs) VALUES(%%name, %%planid, %%order, %%timeoutinsecs); SELECT @@identity;" />
            <command id="createEscalationStep" value="INSERT INTO EscalationStep(name, planid, orderidx, timeoutsecs) OUTPUT inserted.id VALUES(%%name, %%planid, %%order, %%timeoutinsecs)" />
            <command id="getEscalationStepById" value="SELECT id, name, planid, orderidx, timeoutsecs FROM EscalationStep WHERE id=%%stepid" />
            <command id="deleteEscalationPlan" value="DELETE FROM EscalationPlan WHERE id=%%id" />
            <command id="createSubscriber@SYBASE" value="INSERT INTO Subscriber(name, language) VALUES (%%name,%%language); SELECT @@identity;" />
            <command id="createSubscriber" value="INSERT INTO Subscriber(name, language) OUTPUT inserted.id VALUES (%%name,%%language)" />
            <command id="deleteSubscriber" value="DELETE FROM Subscriber WHERE id=%%id" />
            <command id="deleteSubscriberAddresses" value="DELETE FROM SubscriberAddress WHERE subscriberId=%%subscriberid" />
            <command id="updateSubscriber" value="UPDATE Subscriber SET name = %%name, language = %%language WHERE id = %%id" />
            <command id="createSubscriberAddress" value="INSERT INTO SubscriberAddress(subscriberId, address, servicetype, orderidx) VALUES (%%subscriberid,%%address,%%servicetype,%%order)" />
            <command id="deleteEscalationPlanSteps" value="DELETE FROM EscalationStep WHERE planid = %%planid" />
            <command id="deleteNotUpdatedEscalationPlanSteps" value="DELETE FROM EscalationStep WHERE planid = %%planid AND updated = 0" />
            <command id="deleteEscalationStepsSubscriberGroups" value="DELETE FROM EscalationStepSubscriberGroup WHERE escalationstepid IN (SELECT id FROM EscalationStep WHERE planid = %%planid)" />
            <command id="createEscalationStepSubscriberGroupConnection" value="INSERT INTO EscalationStepSubscriberGroup(escalationstepid, subscribergroupid) VALUES (%%stepid,%%groupid)" />
            <command id="getSubscriberGroupsForEscalationStep" value="SELECT ESSG.subscribergroupid, SG.name FROM EscalationStepSubscriberGroup ESSG INNER JOIN SubscriberGroup SG ON SG.id=ESSG.subscribergroupid WHERE ESSG.escalationstepid=%%stepid" />
            <command id="cleanEscalationPlanStepsUpdated" value="UPDATE EscalationStep SET updated = 0 WHERE planid = %%planid" />
            <command id="updateEscalationStep" value="UPDATE EscalationStep SET name = %%name, planid = %%planid, orderidx = %%order, timeoutsecs = %%timeoutsecs, updated = 1 WHERE id = %%id" />
            <command id="deleteSubscriberGroupAlarmEscalationPlans" value="DELETE FROM AlarmEscalationPlan WHERE subscribergroupid = %%groupid" />
            <command id="deleteSubscriberGroupEscalationStepCouplings" value="DELETE FROM EscalationStepSubscriberGroup WHERE subscribergroupid = %%groupid" />
            <command id="getAlarmTagsConnectedToSubscriberGroupId" value="SELECT alarmtag FROM AlarmEscalationPlan WHERE subscribergroupid=%%groupid" />
            <command id="deleteSubscriberGroupMemberships" value="DELETE FROM SubscriberGroupsMember WHERE subscriberId = %%subscriberid" />
            <command id="getSubscriberGroupEscalationStepCount" value="SELECT COUNT(*) FROM EscalationStepSubscriberGroup WHERE subscribergroupid = %%groupid" />
            <command id="getSubscriberGroupAlarmtagCount" value="SELECT COUNT(*) FROM AlarmEscalationPlan WHERE subscribergroupid = %%groupid" />
            <command id="getSubscriberMembershipCount" value="SELECT COUNT(*) FROM SubscriberGroupsMember WHERE subscriberId = %%subscriberid" />
            <command id="getEscalationPlanAlarmtagsCount" value="SELECT COUNT(*) FROM AlarmEscalationPlan WHERE planid = %%planid" />
            <command id="getAlarmTagsConnectedToEscalationPlanId" value="SELECT alarmtag FROM AlarmEscalationPlan WHERE planid=%%planid" />
            <command id="getSubscriberSchedules" value="SELECT S.id,SS.id,SS.startDatetime,SS.endDatetime,SS.recurId,S.name FROM Subscriber S LEFT OUTER JOIN SubscriberSchedule SS on S.id = SS.subscriberId" />
            <command id="getScheduleEntry" value="SELECT id,startDatetime,endDatetime,subscriberId,recurId FROM SubscriberSchedule WHERE id = %%entryId" />
            <command id="deleteScheduleEntry" value="DELETE FROM SubscriberSchedule WHERE id = %%entryId" />
            <command id="createScheduleEntry@SYBASE" value="INSERT INTO SubscriberSchedule(subscriberId,startTicks,endTicks,startDatetime,endDatetime,recurId) VALUES (%%subscriberId,%%startTicks,%%endTicks,%%startDatetime,%%endDatetime,%%recurId); SELECT @@identity;" />
            <command id="createScheduleEntry" value="INSERT INTO SubscriberSchedule(subscriberId,startTicks,endTicks,startDatetime,endDatetime,recurId) OUTPUT inserted.id VALUES (%%subscriberId,%%startTicks,%%endTicks,%%startDatetime,%%endDatetime,%%recurId)" />
            <command id="updateScheduleEntry" value="UPDATE SubscriberSchedule SET subscriberId = %%subscriberId, startTicks = %%startTicks, endTicks = %%endTicks, startDatetime = %%startDatetime, endDatetime = %%endDatetime, recurId = %%recurId WHERE id = %%entryId" />
            <command id="deleteSchedule" value="DELETE FROM SubscriberSchedule WHERE subscriberId = %%subscriberId" />
            <command id="getGroupSubscribersFromEscalationStepWithScheduler" value="SELECT S.id, S.name, S.language, SA.orderidx, SA.address, SA.servicetype FROM EscalationStepSubscriberGroup ESSG JOIN SubscriberGroup SG ON ESSG.subscribergroupid=SG.id JOIN SubscriberGroupsMember SGM ON SG.id=SGM.groupid JOIN Subscriber S ON SGM.subscriberid=S.id JOIN SubscriberAddress SA ON S.id=SA.subscriberid WHERE ESSG.escalationstepid= %%stepid AND EXISTS (SELECT SS.Id FROM SubscriberSchedule SS WHERE SS.subscriberId = S.id AND SS.startTicks &lt;= %%timeTicks AND SS.endTicks &gt;= %%timeTicks)" />
            <command id="getGroupSubscribersFromPreviousEscalationStepWithScheduler" value="SELECT S.id, S.name, S.language, SA.orderidx, SA.address, SA.servicetype FROM EscalationStepSubscriberGroup ESSG JOIN SubscriberGroup SG ON ESSG.subscribergroupid=SG.id JOIN SubscriberGroupsMember SGM ON SG.id=SGM.groupid JOIN Subscriber S ON SGM.subscriberid=S.id JOIN SubscriberAddress SA ON S.id=SA.subscriberid JOIN EscalationStep ES ON ES.id = ESSG.escalationstepid WHERE EXISTS (SELECT SS.Id FROM SubscriberSchedule SS WHERE SS.subscriberId = S.id AND SS.startTicks &lt;= %%timeTicks AND SS.endTicks &gt;= %%timeTicks) AND ES.id IN (SELECT EscalationStep.id FROM EscalationStep WHERE planid = (SELECT planid FROM EscalationStep WHERE EscalationStep.id =%%stepid) AND orderidx &lt; %%orderidx)" />
            <command id="getSubscribersFromAlarmWithScheduler" value="SELECT S.id, S.name, S.language, SA.orderidx, SA.address, SA.servicetype FROM AlarmEscalationPlan AEP JOIN SubscriberGroup SG ON AEP.subscribergroupid=SG.id JOIN SubscriberGroupsMember SGM ON SG.id=SGM.groupid JOIN Subscriber S ON SGM.subscriberid=S.id JOIN SubscriberAddress SA ON S.id=SA.subscriberid WHERE AEP.alarmtag=%%alarmtag AND EXISTS (SELECT SS.Id FROM SubscriberSchedule SS WHERE SS.subscriberId = S.id AND SS.startTicks &lt;= %%timeTicks AND SS.endTicks &gt;= %%timeTicks)" />
            <command id="getSubscriberIdByName" value="SELECT id FROM Subscriber WHERE name = %%name" />
            <command id="getSubscriberGroupIdByName" value="SELECT id FROM SubscriberGroup WHERE name = %%name" />
            <command id="getEscalationPlanIdByName" value="SELECT id FROM EscalationPlan WHERE name = %%name" />
            <!-- Housekeeping -->
            <command id="backupDb@SYBASE" value="CALL MakeBackup();" />
            <command id="backupDb" value="" />
            <!-- System status -->
            <command id="getDatabaseStatus" value="SELECT name, size, FILEPROPERTY(name, 'SpaceUsed') AS used FROM dbo.sysfiles" />
            <command id="getDatabaseStatus@SYBASE" value="Select DB_PROPERTY('filesize') as size, (DB_PROPERTY('filesize') - DB_PROPERTY('freepages')) as used" />
          </commands>
        </connectiontemplate>
      </connectiontemplates>
    </storage>
    <email>
      <exchange enabled="${EXCHANGE_ENABLED}" serverurl="${EMAIL_HOST}" sender="${EMAIL_SENDER}" username="${EMAIL_USERNAME}" password="${EMAIL_PASSWORD}" domain="${EMAIL_DOMAIN}" savecopy="${EMAIL_SAVECOPY}" />
      <smtp enabled="${SMTP_ENABLED}" host="${EMAIL_HOST}" port="${EMAIL_PORT}" usessl="${EMAIL_USESSL}" sender="${EMAIL_SENDER}" username="${EMAIL_USERNAME}" password="${EMAIL_PASSWORD}" />
    </email>
    <maxAlarmAge value="${MAX_ALARMAGE}" />
    <messenger mode="${MESSENGER_MODE}" maxlogage="${MAX_MESSENGER_LOGAGE}" usescheduler="${MESSENGER_USE_SCHEDULER}">
      <sms enabled="${SMS_ENABLED}" port="${GSMMODEM_PORT}" baud="${GSMMODEM_BAUDRATE}" timeoutMiliseconds="${GSMMODEM_COMM_TIMEOUT}" centralnumber="${GSMMODEM_SMSCENTRALNUMBER}" messagelifetime="${SMS_MESSAGELIMETIME}" />
    </messenger>
    <!-- mode = simple or escalation -->
    <warmstandby type="${WarmStandbyType}" virtualMasterHostName="${WarmStandbyHostName}" />
  </platform>
  <project>
    <systemId value="Alarmlink" />
    <!-- StatisticConnector uses this value as its datasource name -->
	  <setups>
        <setup id="_1" handler="KepwareHandler" clientname="kepwareclient" type="signallist" signallist="scadafiles\PostNL_AlarmLinkOPCInfo.xml" plcsetup="scadafiles\Main_PLC_Setup.xml" />
        <setup id="_2" handler="P15Handler" clientname="hwmonitor" simplelist="scadafiles\hwmonitor.txt" setinitial="false" />
        <setup id="_3" handler="P15Handler" clientname="esx" simplelist="scadafiles\hwalarms.txt" persistent="true" />
        <setup id="_4" handler="P15AHandler" clientname="sorter" signallist="scadafiles\12298_Sorter_AlarmSpecification_CSC_SignalListForAlarmLink.xml" />
        <setup id="_5" handler="AliveMonitor" signallist="scadafiles\aliveMonitorSignals.txt" />
        <setup id="_6" handler="P15Handler" clientname="bgsorter" simplelist="scadafiles\BGSorterEquipmentSignals.txt" />
	   </setups>
    <tasks>
      <task id="StatisticConnector">
        <parameters>
          <parameter id="statusesToSend" value="" />
          <!-- Interval for which to send SyncTime telegram to CIS. Time is in seconds -->
          <parameter id="syncTimeInterval" value="30" />
          <!-- Which telegraph definition to use when connecting to Statistics application -->
          <parameter id="telegraph" value="cis" />
          <!-- Setup which languages should be sent in CIS alarm event. If a language is left empty/undefined no data will be filled in the corresponding CIS AlarmEvent field -->
          <parameter id="textLanguage" value="en-GB" />
          <parameter id="text0Language" value="de-DE" />
          <parameter id="text1Language" value="" />
          <parameter id="text2Language" value="" />
          <!-- Set this parameter to true if your CIS version is before 5.0.0 -->
          <parameter id="useLegacyCISFormat" value="false" />
          <!-- Set this parameter to true if your CIS version is 5.0.0 or newer but is running with UseLegacyProxyDateFormat set to true-->
          <parameter id="useLegacyProxyDateFormat" value="false" />
          
          <!-- Fill in these parameters if your CIS version is 6.1.0 or older. They are used as partId and combinedSorterId in SyncTimeEvent 
               Typical values for pre-6.1.0 CIS are AlarmLink#1 as partId and combinedsorter#100 for combinedSorterId -->
          <parameter id="defaultPartId" value="" />
          <parameter id="defaultCombinedSorterId" value="" />
          
        </parameters>
      </task>
      <task id="WimapInterfaceTask">
        <parameters>
          <parameter id="controllerId" value="${ALARMLINK_WIMAP_CONTROLLER_ID}" />
          <parameter id="port" value="${ALARMLINK_WIMAP_PORT}" />
          <parameter id="responseCompressionEnabled" value="true" />
          <parameter id="systemStatusEnabled" value="${ALARMLINK_SYSTEM_STATUS_ENABLED}" />
          <!-- System status monitoring interval in seconds (cpu, memory, disk, and database) -->
          <parameter id="systemStatusInterval" value="10" />
          <!--<parameter id="maxMessageSize" value="1048576" />-->
          <!-- Turn HTTPS communication on or off. If 'true', certificateHash must be specified -->
          <!--<parameter id="httpsEnabled" value="false" />-->
          <!-- Certificate thumbnail hash for the SSL certificate installed for the WimapInterfaceTask server port 
               (using 'netsh http add sslcert')-->
          <!--<parameter id="certificateHash" value="b62928cbd2c40c575ff21194df001a6241fc80e5" />-->
        </parameters>
        <datamodels>
          <datamodel id="CONTROLLER" updateInterval="5" available="true" />
        </datamodels>
        <severityThresholds>
          <severityThreshold id="cpu" low="10" medium="50" high="80" warning="95" />
          <severityThreshold id="memory" low="10" medium="50" high="80" warning="95" />
          <severityThreshold id="disk" low="10" medium="50" high="80" warning="95" />
          <severityThreshold id="database" low="10" medium="50" high="80" warning="95" />
        </severityThresholds>
      </task>
    </tasks>
  </project>
</configuration>